Price,Close
Ticker,^CRSLDX
Date,
2011-01-03,4967.2998046875
2011-01-04,4957.10009765625
2011-01-05,4903.10009765625
2011-01-06,4865.0498046875
2011-01-07,4750.75
2011-01-10,4636.2001953125
2011-01-11,4624.9501953125
2011-01-12,4709.85009765625
2011-01-13,4639.7998046875
2011-01-14,4566.75
2011-01-17,4553.64990234375
2011-01-18,4598.35009765625
2011-01-19,4583.85009765625
2011-01-20,4597.7001953125
2011-01-21,4592.7001953125
2011-01-24,4628.7001953125
2011-01-25,4589.5
2011-01-27,4514.0
2011-01-28,4427.5
2011-01-31,4424.60009765625
2011-02-01,4352.14990234375
2011-02-02,4362.35009765625
2011-02-03,4429.89990234375
2011-02-04,4339.5498046875
2011-02-07,4332.10009765625
2011-02-08,4255.7001953125
2011-02-09,4178.2998046875
2011-02-10,4164.2998046875
2011-02-11,4240.4501953125
2011-02-14,4365.75
2011-02-15,4384.60009765625
2011-02-16,4391.35009765625
2011-02-17,4440.0
2011-02-18,4365.2998046875
2011-02-21,4403.2001953125
2011-02-22,4363.4501953125
2011-02-23,4338.75
2011-02-24,4201.2001953125
2011-02-25,4226.75
2011-02-28,4247.14990234375
2011-03-01,4391.75
2011-03-03,4400.7001953125
2011-03-04,4403.75
2011-03-07,4346.5498046875
2011-03-08,4390.60009765625
2011-03-09,4404.2998046875
2011-03-10,4382.2001953125
2011-03-11,4343.7001953125
2011-03-14,4399.64990234375
2011-03-15,4334.7001953125
2011-03-16,4386.4501953125
2011-03-17,4346.89990234375
2011-03-18,4298.39990234375
2011-03-21,4289.2998046875
2011-03-22,4326.5
2011-03-23,4373.35009765625
2011-03-24,4406.64990234375
2011-03-25,4493.35009765625
2011-03-28,4518.2998046875
2011-03-29,4549.0
2011-03-30,4598.4501953125
2011-03-31,4626.4501953125
2011-04-01,4640.0498046875
2011-04-04,4707.2001953125
2011-04-05,4722.85009765625
2011-04-06,4718.60009765625
2011-04-07,4727.35009765625
2011-04-08,4684.5
2011-04-11,4643.10009765625
2011-04-13,4730.5
2011-04-15,4679.7998046875
2011-04-18,4609.0
2011-04-19,4617.7001953125
2011-04-20,4694.7001953125
2011-04-21,4711.5498046875
2011-04-25,4708.35009765625
2011-04-26,4704.85009765625
2011-04-27,4688.0
2011-04-28,4650.4501953125
2011-04-29,4615.2998046875
2011-05-02,4573.64990234375
2011-05-03,4472.0
2011-05-04,4448.64990234375
2011-05-05,4390.60009765625
2011-05-06,4460.4501953125
2011-05-09,4464.0
2011-05-10,4458.2001953125
2011-05-11,4480.7001953125
2011-05-12,4424.60009765625
2011-05-13,4470.35009765625
2011-05-16,4436.10009765625
2011-05-17,4395.9501953125
2011-05-18,4375.25
2011-05-19,4372.0498046875
2011-05-20,4411.89990234375
2011-05-23,4338.25
2011-05-24,4347.2001953125
2011-05-25,4317.89990234375
2011-05-26,4354.9501953125
2011-05-27,4409.7998046875
2011-05-30,4421.64990234375
2011-05-31,4492.89990234375
2011-06-01,4517.7998046875
2011-06-02,4482.5498046875
2011-06-03,4457.89990234375
2011-06-06,4465.5
2011-06-07,4489.9501953125
2011-06-08,4473.25
2011-06-09,4468.2998046875
2011-06-10,4442.7998046875
2011-06-13,4444.35009765625
2011-06-14,4460.5498046875
2011-06-15,4423.0
2011-06-16,4384.64990234375
2011-06-17,4357.75
2011-06-20,4263.25
2011-06-21,4268.35009765625
2011-06-22,4258.5
2011-06-23,4281.10009765625
2011-06-24,4392.2001953125
2011-06-27,4439.35009765625
2011-06-28,4454.35009765625
2011-06-29,4492.2998046875
2011-06-30,4522.9501953125
2011-07-01,4522.0498046875
2011-07-04,4549.14990234375
2011-07-05,4537.10009765625
2011-07-06,4535.2998046875
2011-07-07,4607.85009765625
2011-07-08,4554.7998046875
2011-07-11,4523.0498046875
2011-07-12,4459.2998046875
2011-07-13,4508.39990234375
2011-07-14,4525.5
2011-07-15,4514.64990234375
2011-07-18,4509.75
2011-07-19,4538.75
2011-07-20,4498.10009765625
2011-07-21,4475.7001953125
2011-07-22,4544.2998046875
2011-07-25,4577.75
2011-07-26,4504.85009765625
2011-07-27,4491.2998046875
2011-07-28,4444.89990234375
2011-07-29,4424.0498046875
2011-08-01,4440.85009765625
2011-08-02,4392.9501953125
2011-08-03,4359.2998046875
2011-08-04,4311.5498046875
2011-08-05,4220.5
2011-08-08,4150.5
2011-08-09,4107.7001953125
2011-08-10,4182.25
2011-08-11,4164.75
2011-08-12,4121.35009765625
2011-08-16,4081.300048828125
2011-08-17,4081.300048828125
2011-08-18,3994.14990234375
2011-08-19,3925.800048828125
2011-08-22,3970.5
2011-08-23,4010.699951171875
2011-08-24,3970.10009765625
2011-08-25,3929.5
2011-08-26,3851.550048828125
2011-08-29,3977.35009765625
2011-08-30,4038.35009765625
2011-09-02,4070.89990234375
2011-09-05,4063.14990234375
2011-09-06,4093.199951171875
2011-09-07,4146.39990234375
2011-09-08,4163.85009765625
2011-09-09,4098.10009765625
2011-09-12,4010.75
2011-09-13,4007.10009765625
2011-09-14,4051.550048828125
2011-09-15,4097.0
2011-09-16,4105.10009765625
2011-09-19,4072.050048828125
2011-09-20,4142.7998046875
2011-09-21,4150.5498046875
2011-09-22,3994.14990234375
2011-09-23,3952.10009765625
2011-09-26,3914.800048828125
2011-09-27,4010.050048828125
2011-09-28,3987.449951171875
2011-09-29,4024.75
2011-09-30,3978.35009765625
2011-10-03,3903.199951171875
2011-10-04,3843.699951171875
2011-10-05,3821.85009765625
2011-10-07,3913.949951171875
2011-10-10,3977.89990234375
2011-10-11,3981.85009765625
2011-10-12,4068.60009765625
2011-10-13,4058.300048828125
2011-10-14,4090.699951171875
2011-10-17,4083.800048828125
2011-10-18,4023.14990234375
2011-10-19,4093.5
2011-10-20,4057.35009765625
2011-10-21,4024.64990234375
2011-10-24,4046.64990234375
2011-10-25,4101.39990234375
2011-10-28,4229.75
2011-10-31,4215.89990234375
2011-11-01,4170.75
2011-11-02,4171.39990234375
2011-11-03,4179.64990234375
2011-11-04,4201.10009765625
2011-11-08,4203.0498046875
2011-11-09,4147.14990234375
2011-11-11,4100.89990234375
2011-11-14,4074.550048828125
2011-11-15,3996.949951171875
2011-11-16,3965.449951171875
2011-11-17,3894.75
2011-11-18,3869.050048828125
2011-11-21,3778.60009765625
2011-11-22,3800.60009765625
2011-11-23,3720.14990234375
2011-11-24,3762.85009765625
2011-11-25,3742.199951171875
2011-11-28,3839.550048828125
2011-11-29,3804.0
2011-11-30,3811.25
2011-12-01,3878.60009765625
2011-12-02,3962.10009765625
2011-12-05,3957.75
2011-12-07,3970.60009765625
2011-12-08,3883.75
2011-12-09,3830.85009765625
2011-12-12,3751.050048828125
2011-12-13,3767.10009765625
2011-12-14,3736.60009765625
2011-12-15,3720.199951171875
2011-12-16,3647.949951171875
2011-12-19,3603.800048828125
2011-12-20,3544.0
2011-12-21,3640.89990234375
2011-12-22,3674.5
2011-12-23,3660.550048828125
2011-12-26,3703.800048828125
2011-12-27,3680.199951171875
2011-12-28,3644.10009765625
2011-12-29,3607.60009765625
2011-12-30,3597.75
2012-01-02,3602.5
2012-01-03,3700.800048828125
2012-01-04,3695.050048828125
2012-01-05,3696.14990234375
2012-01-06,3694.800048828125
2012-01-09,3701.300048828125
2012-01-10,3785.35009765625
2012-01-11,3805.5
2012-01-12,3797.39990234375
2012-01-13,3827.199951171875
2012-01-16,3833.14990234375
2012-01-17,3900.0
2012-01-18,3881.800048828125
2012-01-19,3931.949951171875
2012-01-20,3952.699951171875
2012-01-23,3952.699951171875
2012-01-24,4016.89990234375
2012-01-25,4051.800048828125
2012-01-27,4085.35009765625
2012-01-30,3995.800048828125
2012-01-31,4082.85009765625
2012-02-01,4117.5498046875
2012-02-02,4146.5498046875
2012-02-03,4188.4501953125
2012-02-06,4227.10009765625
2012-02-07,4199.0498046875
2012-02-08,4232.75
2012-02-09,4272.39990234375
2012-02-10,4258.39990234375
2012-02-13,4264.7998046875
2012-02-14,4289.5
2012-02-15,4381.4501953125
2012-02-16,4385.89990234375
2012-02-17,4414.0498046875
2012-02-21,4447.5
2012-02-22,4340.85009765625
2012-02-23,4322.89990234375
2012-02-24,4284.5498046875
2012-02-27,4165.0498046875
2012-02-28,4258.5
2012-02-29,4275.5498046875
2012-03-01,4243.75
2012-03-02,4254.5
2012-03-05,4195.4501953125
2012-03-06,4151.39990234375
2012-03-07,4146.9501953125
2012-03-09,4238.85009765625
2012-03-12,4265.25
2012-03-13,4317.64990234375
2012-03-14,4343.0498046875
2012-03-15,4275.75
2012-03-16,4226.0498046875
2012-03-19,4177.0
2012-03-20,4197.0498046875
2012-03-21,4270.89990234375
2012-03-22,4165.2998046875
2012-03-23,4202.25
2012-03-26,4131.25
2012-03-27,4168.5498046875
2012-03-28,4129.14990234375
2012-03-29,4124.4501953125
2012-03-30,4221.7998046875
2012-04-02,4246.9501953125
2012-04-03,4283.10009765625
2012-04-04,4262.2001953125
2012-04-09,4193.89990234375
2012-04-10,4196.7001953125
2012-04-11,4179.39990234375
2012-04-12,4216.5498046875
2012-04-13,4169.5498046875
2012-04-16,4186.7001953125
2012-04-17,4232.10009765625
2012-04-18,4242.0
2012-04-19,4259.89990234375
2012-04-20,4226.35009765625
2012-04-23,4154.85009765625
2012-04-24,4164.0
2012-04-25,4146.2998046875
2012-04-26,4133.14990234375
2012-04-27,4131.14990234375
2012-04-30,4178.35009765625
2012-05-02,4171.2998046875
2012-05-03,4128.64990234375
2012-05-04,4050.85009765625
2012-05-07,4074.949951171875
2012-05-08,3992.550048828125
2012-05-09,3963.699951171875
2012-05-10,3959.60009765625
2012-05-11,3928.25
2012-05-14,3906.89990234375
2012-05-15,3932.89990234375
2012-05-16,3871.39990234375
2012-05-17,3879.14990234375
2012-05-18,3889.050048828125
2012-05-21,3904.449951171875
2012-05-22,3869.800048828125
2012-05-23,3848.800048828125
2012-05-24,3904.85009765625
2012-05-25,3910.60009765625
2012-05-28,3961.050048828125
2012-05-29,3961.10009765625
2012-05-30,3923.85009765625
2012-05-31,3913.050048828125
2012-06-01,3851.949951171875
2012-06-04,3850.800048828125
2012-06-05,3862.550048828125
2012-06-06,3959.0
2012-06-07,3996.5
2012-06-08,4010.949951171875
2012-06-11,3998.050048828125
2012-06-12,4040.89990234375
2012-06-13,4043.75
2012-06-14,3992.25
2012-06-15,4047.449951171875
2012-06-18,3991.35009765625
2012-06-19,4016.449951171875
2012-06-20,4037.800048828125
2012-06-21,4074.199951171875
2012-06-22,4063.75
2012-06-25,4044.75
2012-06-26,4053.199951171875
2012-06-27,4069.85009765625
2012-06-28,4075.050048828125
2012-06-29,4170.64990234375
2012-07-02,4180.89990234375
2012-07-03,4196.7001953125
2012-07-04,4213.0498046875
2012-07-05,4236.9501953125
2012-07-06,4224.14990234375
2012-07-09,4184.14990234375
2012-07-10,4235.7998046875
2012-07-11,4210.64990234375
2012-07-12,4164.60009765625
2012-07-13,4156.75
2012-07-16,4134.75
2012-07-17,4123.0498046875
2012-07-18,4139.75
2012-07-19,4157.2998046875
2012-07-20,4134.75
2012-07-23,4069.050048828125
2012-07-24,4079.300048828125
2012-07-25,4062.39990234375
2012-07-26,4003.60009765625
2012-07-27,4028.25
2012-07-30,4104.10009765625
2012-07-31,4126.4501953125
2012-08-01,4141.85009765625
2012-08-02,4138.89990234375
2012-08-03,4129.0498046875
2012-08-06,4172.4501953125
2012-08-07,4206.14990234375
2012-08-08,4201.60009765625
2012-08-09,4190.14990234375
2012-08-10,4186.9501953125
2012-08-13,4213.25
2012-08-14,4234.5
2012-08-16,4222.64990234375
2012-08-17,4223.7001953125
2012-08-21,4257.9501953125
2012-08-22,4249.64990234375
2012-08-23,4248.0498046875
2012-08-24,4226.0
2012-08-27,4194.9501953125
2012-08-28,4176.35009765625
2012-08-29,4143.60009765625
2012-08-30,4162.9501953125
2012-08-31,4129.89990234375
2012-09-03,4128.10009765625
2012-09-04,4148.2998046875
2012-09-05,4115.35009765625
2012-09-06,4125.9501953125
2012-09-07,4195.75
2012-09-10,4217.85009765625
2012-09-11,4234.60009765625
2012-09-12,4260.25
2012-09-13,4260.0
2012-09-14,4348.7998046875
2012-09-17,4383.10009765625
2012-09-18,4390.85009765625
2012-09-20,4358.9501953125
2012-09-21,4456.14990234375
2012-09-24,4450.9501953125
2012-09-25,4460.39990234375
2012-09-26,4458.0
2012-09-27,4458.14990234375
2012-09-28,4504.35009765625
2012-10-01,4522.9501953125
2012-10-03,4539.60009765625
2012-10-04,4579.39990234375
2012-10-05,4547.89990234375
2012-10-08,4499.85009765625
2012-10-09,4523.25
2012-10-10,4477.2998046875
2012-10-11,4523.60009765625
2012-10-12,4506.14990234375
2012-10-15,4511.85009765625
2012-10-16,4480.4501953125
2012-10-17,4488.5
2012-10-18,4535.2001953125
2012-10-19,4509.4501953125
2012-10-22,4528.4501953125
2012-10-23,4510.0
2012-10-25,4518.39990234375
2012-10-29,4475.0
2012-10-30,4424.10009765625
2012-10-31,4448.85009765625
2012-11-01,4473.85009765625
2012-11-02,4510.25
2012-11-05,4511.2998046875
2012-11-06,4528.2998046875
2012-11-07,4559.10009765625
2012-11-08,4548.9501953125
2012-11-09,4508.7998046875
2012-11-12,4519.25
2012-11-15,4497.0
2012-11-16,4451.10009765625
2012-11-19,4437.25
2012-11-20,4428.39990234375
2012-11-21,4458.4501953125
2012-11-22,4471.7998046875
2012-11-23,4474.14990234375
2012-11-26,4493.60009765625
2012-11-27,4562.39990234375
2012-11-29,4631.89990234375
2012-11-30,4675.25
2012-12-03,4685.0498046875
2012-12-04,4701.4501953125
2012-12-05,4712.10009765625
2012-12-06,4740.2001953125
2012-12-07,4724.25
2012-12-10,4731.89990234375
2012-12-11,4716.25
2012-12-12,4709.85009765625
2012-12-13,4674.0498046875
2012-12-14,4698.7998046875
2012-12-17,4693.9501953125
2012-12-18,4727.85009765625
2012-12-19,4755.2998046875
2012-12-20,4746.39990234375
2012-12-21,4686.89990234375
2012-12-24,4695.0
2012-12-26,4731.60009765625
2012-12-27,4706.35009765625
2012-12-28,4738.2998046875
2012-12-31,4743.4501953125
2013-01-01,4786.2001953125
2013-01-02,4818.89990234375
2013-01-03,4835.7001953125
2013-01-04,4844.0
2013-01-07,4831.4501953125
2013-01-08,4837.9501953125
2013-01-09,4815.75
2013-01-10,4809.2001953125
2013-01-11,4778.14990234375
2013-01-14,4836.7001953125
2013-01-15,4858.89990234375
2013-01-16,4807.5498046875
2013-01-17,4831.35009765625
2013-01-18,4844.0498046875
2013-01-21,4856.0
2013-01-22,4822.35009765625
2013-01-23,4814.7998046875
2013-01-24,4763.85009765625
2013-01-25,4816.4501953125
2013-01-28,4818.2998046875
2013-01-29,4794.7998046875
2013-01-30,4797.14990234375
2013-01-31,4795.2998046875
2013-02-01,4775.89990234375
2013-02-04,4759.25
2013-02-05,4733.60009765625
2013-02-06,4738.10009765625
2013-02-07,4713.25
2013-02-08,4682.5498046875
2013-02-11,4677.85009765625
2013-02-12,4690.2998046875
2013-02-13,4688.4501953125
2013-02-14,4650.35009765625
2013-02-15,4647.25
2013-02-18,4659.60009765625
2013-02-19,4697.10009765625
2013-02-20,4698.35009765625
2013-02-21,4621.75
2013-02-22,4621.7998046875
2013-02-25,4611.64990234375
2013-02-26,4537.10009765625
2013-02-27,4568.2001953125
2013-02-28,4477.5
2013-03-01,4499.75
2013-03-04,4470.14990234375
2013-03-05,4539.0
2013-03-06,4570.4501953125
2013-03-07,4601.5498046875
2013-03-08,4660.64990234375
2013-03-11,4661.25
2013-03-12,4636.89990234375
2013-03-13,4585.0
2013-03-14,4625.75
2013-03-15,4598.2001953125
2013-03-18,4572.64990234375
2013-03-19,4500.85009765625
2013-03-20,4446.0498046875
2013-03-21,4413.5
2013-03-22,4404.5
2013-03-25,4390.2998046875
2013-03-26,4394.60009765625
2013-03-28,4438.35009765625
2013-04-01,4465.60009765625
2013-04-02,4508.7998046875
2013-04-03,4457.2001953125
2013-04-04,4378.64990234375
2013-04-05,4366.64990234375
2013-04-08,4361.14990234375
2013-04-09,4323.39990234375
2013-04-10,4366.4501953125
2013-04-11,4388.0498046875
2013-04-12,4352.75
2013-04-15,4376.0498046875
2013-04-16,4457.5498046875
2013-04-17,4461.75
2013-04-18,4526.7998046875
2013-04-22,4574.39990234375
2013-04-23,4572.39990234375
2013-04-25,4624.2998046875
2013-04-26,4591.64990234375
2013-04-29,4620.89990234375
2013-04-30,4641.75
2013-05-02,4695.0498046875
2013-05-03,4659.10009765625
2013-05-06,4685.60009765625
2013-05-07,4737.5498046875
2013-05-08,4754.4501953125
2013-05-09,4737.7001953125
2013-05-10,4769.2001953125
2013-05-13,4689.75
2013-05-14,4702.5
2013-05-15,4810.9501953125
2013-05-16,4830.25
2013-05-17,4847.10009765625
2013-05-20,4821.9501953125
2013-05-21,4788.2001953125
2013-05-22,4766.85009765625
2013-05-23,4668.2001953125
2013-05-24,4685.60009765625
2013-05-27,4756.39990234375
2013-05-28,4777.0498046875
2013-05-29,4766.64990234375
2013-05-30,4774.0
2013-05-31,4681.4501953125
2013-06-03,4659.2998046875
2013-06-04,4652.5498046875
2013-06-05,4656.5
2013-06-06,4653.39990234375
2013-06-07,4621.10009765625
2013-06-10,4604.39990234375
2013-06-11,4529.85009765625
2013-06-12,4502.2001953125
2013-06-13,4447.39990234375
2013-06-14,4525.9501953125
2013-06-17,4557.5
2013-06-18,4540.7001953125
2013-06-19,4552.7001953125
2013-06-20,4429.64990234375
2013-06-21,4420.14990234375
2013-06-24,4345.60009765625
2013-06-25,4350.10009765625
2013-06-26,4335.5
2013-06-27,4393.89990234375
2013-06-28,4510.89990234375
2013-07-01,4572.0498046875
2013-07-02,4542.7998046875
2013-07-03,4473.35009765625
2013-07-04,4517.7001953125
2013-07-05,4535.7998046875
2013-07-08,4501.25
2013-07-09,4539.9501953125
2013-07-10,4511.39990234375
2013-07-11,4586.4501953125
2013-07-12,4630.9501953125
2013-07-15,4655.7001953125
2013-07-16,4596.5
2013-07-17,4597.7001953125
2013-07-18,4647.5498046875
2013-07-19,4632.75
2013-07-22,4631.10009765625
2013-07-23,4660.75
2013-07-24,4588.25
2013-07-25,4531.7998046875
2013-07-26,4507.25
2013-07-29,4459.89990234375
2013-07-30,4390.35009765625
2013-07-31,4379.64990234375
2013-08-01,4354.0
2013-08-02,4314.9501953125
2013-08-05,4323.35009765625
2013-08-06,4214.14990234375
2013-08-07,4213.85009765625
2013-08-08,4250.35009765625
2013-08-12,4293.2001953125
2013-08-13,4360.64990234375
2013-08-14,4392.0498046875
2013-08-16,4224.2998046875
2013-08-19,4151.9501953125
2013-08-20,4138.39990234375
2013-08-21,4069.449951171875
2013-08-22,4136.10009765625
2013-08-23,4183.64990234375
2013-08-26,4194.5
2013-08-27,4060.699951171875
2013-08-28,4047.699951171875
2013-08-29,4132.7998046875
2013-08-30,4175.85009765625
2013-09-02,4235.25
2013-09-03,4092.89990234375
2013-09-04,4164.5
2013-09-05,4264.0498046875
2013-09-06,4319.39990234375
2013-09-10,4463.5498046875
2013-09-11,4489.4501953125
2013-09-12,4445.9501953125
2013-09-13,4450.4501953125
2013-09-16,4440.89990234375
2013-09-17,4444.5
2013-09-18,4478.35009765625
2013-09-19,4627.85009765625
2013-09-20,4560.10009765625
2013-09-23,4482.0
2013-09-24,4484.10009765625
2013-09-25,4477.0498046875
2013-09-26,4482.2998046875
2013-09-27,4455.9501953125
2013-09-30,4392.0498046875
2013-10-01,4422.89990234375
2013-10-03,4512.64990234375
2013-10-04,4516.14990234375
2013-10-07,4522.7998046875
2013-10-08,4536.4501953125
2013-10-09,4592.4501953125
2013-10-10,4607.5
2013-10-11,4651.7998046875
2013-10-14,4665.9501953125
2013-10-15,4639.5
2013-10-17,4612.0498046875
2013-10-18,4706.89990234375
2013-10-21,4731.0
2013-10-22,4738.35009765625
2013-10-23,4723.5
2013-10-24,4713.0
2013-10-25,4693.39990234375
2013-10-28,4656.85009765625
2013-10-29,4741.10009765625
2013-10-30,4764.2998046875
2013-10-31,4804.85009765625
2013-11-01,4823.0
2013-11-05,4808.2001953125
2013-11-06,4784.64990234375
2013-11-07,4752.0
2013-11-08,4725.89990234375
2013-11-11,4680.5
2013-11-12,4637.35009765625
2013-11-13,4614.64990234375
2013-11-14,4670.10009765625
2013-11-18,4760.64990234375
2013-11-19,4771.75
2013-11-20,4720.0498046875
2013-11-21,4631.85009765625
2013-11-22,4632.4501953125
2013-11-25,4716.0
2013-11-26,4679.14990234375
2013-11-27,4679.85009765625
2013-11-28,4708.7998046875
2013-11-29,4770.10009765625
2013-12-02,4804.39990234375
2013-12-03,4795.89990234375
2013-12-04,4764.5498046875
2013-12-05,4815.0
2013-12-06,4830.7998046875
2013-12-09,4898.14990234375
2013-12-10,4873.7998046875
2013-12-11,4855.60009765625
2013-12-12,4810.5498046875
2013-12-13,4756.0498046875
2013-12-16,4756.0
2013-12-17,4748.5
2013-12-18,4809.64990234375
2013-12-19,4780.60009765625
2013-12-20,4861.64990234375
2013-12-23,4878.85009765625
2013-12-24,4876.10009765625
2013-12-26,4887.85009765625
2013-12-27,4914.7001953125
2013-12-30,4899.9501953125
2013-12-31,4914.85009765625
2014-01-01,4921.25
2014-01-02,4848.9501953125
2014-01-03,4850.64990234375
2014-01-06,4845.0498046875
2014-01-07,4820.25
2014-01-08,4833.5498046875
2014-01-09,4820.14990234375
2014-01-10,4813.9501953125
2014-01-13,4869.9501953125
2014-01-14,4850.75
2014-01-15,4899.7001953125
2014-01-16,4891.39990234375
2014-01-17,4841.2998046875
2014-01-20,4878.25
2014-01-21,4886.7001953125
2014-01-22,4903.9501953125
2014-01-23,4903.5
2014-01-24,4836.7001953125
2014-01-27,4725.60009765625
2014-01-28,4720.60009765625
2014-01-29,4720.60009765625
2014-01-30,4675.10009765625
2014-01-31,4709.14990234375
2014-02-03,4648.5498046875
2014-02-04,4652.5
2014-02-05,4671.85009765625
2014-02-06,4681.35009765625
2014-02-07,4701.7001953125
2014-02-10,4692.5498046875
2014-02-11,4699.60009765625
2014-02-12,4711.9501953125
2014-02-13,4650.0
2014-02-14,4677.7998046875
2014-02-17,4690.4501953125
2014-02-18,4731.5
2014-02-19,4752.89990234375
2014-02-20,4716.35009765625
2014-02-21,4762.75
2014-02-24,4783.14990234375
2014-02-25,4793.89990234375
2014-02-26,4816.39990234375
2014-02-28,4849.5
2014-03-03,4816.2998046875
2014-03-04,4873.2001953125
2014-03-05,4900.85009765625
2014-03-06,4959.10009765625
2014-03-07,5033.85009765625
2014-03-10,5046.4501953125
2014-03-11,5026.9501953125
2014-03-12,5028.7001953125
2014-03-13,5007.2001953125
2014-03-14,5011.5498046875
2014-03-18,5035.39990234375
2014-03-19,5044.2001953125
2014-03-20,5014.7998046875
2014-03-21,5031.0498046875
2014-03-24,5091.2001953125
2014-03-25,5102.75
2014-03-26,5114.7001953125
2014-03-27,5146.2001953125
2014-03-28,5202.14990234375
2014-03-31,5224.85009765625
2014-04-01,5232.85009765625
2014-04-02,5272.39990234375
2014-04-03,5254.35009765625
2014-04-04,5234.5
2014-04-07,5234.2001953125
2014-04-09,5315.25
2014-04-10,5328.39990234375
2014-04-11,5317.7001953125
2014-04-15,5278.14990234375
2014-04-16,5230.35009765625
2014-04-17,5310.75
2014-04-21,5347.25
2014-04-22,5346.60009765625
2014-04-23,5362.4501953125
2014-04-25,5328.60009765625
2014-04-28,5321.5
2014-04-29,5286.0498046875
2014-04-30,5255.64990234375
2014-05-02,5260.9501953125
2014-05-05,5260.2998046875
2014-05-06,5273.10009765625
2014-05-07,5232.85009765625
2014-05-08,5236.60009765625
2014-05-09,5375.89990234375
2014-05-12,5479.7001953125
2014-05-13,5562.5498046875
2014-05-14,5583.60009765625
2014-05-15,5580.2998046875
2014-05-16,5656.0
2014-05-19,5762.60009765625
2014-05-20,5790.9501953125
2014-05-21,5792.2998046875
2014-05-22,5841.2998046875
2014-05-23,5923.64990234375
2014-05-26,5883.75
2014-05-27,5844.2001953125
2014-05-28,5861.25
2014-05-29,5796.4501953125
2014-05-30,5802.85009765625
2014-06-02,5911.7001953125
2014-06-03,5956.85009765625
2014-06-04,5972.85009765625
2014-06-05,6037.64990234375
2014-06-06,6129.9501953125
2014-06-09,6196.7001953125
2014-06-10,6192.2998046875
2014-06-11,6152.5498046875
2014-06-12,6168.7998046875
2014-06-13,6057.5
2014-06-16,6056.7001953125
2014-06-17,6139.35009765625
2014-06-18,6084.85009765625
2014-06-19,6064.75
2014-06-20,6038.60009765625
2014-06-23,6037.9501953125
2014-06-24,6113.85009765625
2014-06-25,6115.14990234375
2014-06-26,6065.7998046875
2014-06-27,6082.10009765625
2014-06-30,6174.2001953125
2014-07-01,6199.89990234375
2014-07-02,6276.89990234375
2014-07-03,6267.2001953125
2014-07-04,6297.60009765625
2014-07-07,6322.0
2014-07-08,6152.2998046875
2014-07-09,6104.0
2014-07-10,6105.2001953125
2014-07-11,5991.7001953125
2014-07-14,5990.7001953125
2014-07-15,6067.35009765625
2014-07-16,6147.89990234375
2014-07-17,6179.4501953125
2014-07-18,6184.5498046875
2014-07-21,6200.2998046875
2014-07-22,6251.35009765625
2014-07-23,6261.10009765625
2014-07-24,6278.9501953125
2014-07-25,6230.4501953125
2014-07-28,6200.0
2014-07-30,6232.60009765625
2014-07-31,6194.4501953125
2014-08-01,6111.7001953125
2014-08-04,6175.7001953125
2014-08-05,6226.4501953125
2014-08-06,6173.7001953125
2014-08-07,6153.5
2014-08-08,6072.64990234375
2014-08-11,6117.64990234375
2014-08-12,6186.14990234375
2014-08-13,6167.2001953125
2014-08-14,6215.64990234375
2014-08-18,6294.10009765625
2014-08-19,6328.7998046875
2014-08-20,6321.64990234375
2014-08-21,6339.35009765625
2014-08-22,6352.35009765625
2014-08-25,6332.4501953125
2014-08-26,6328.4501953125
2014-08-27,6355.14990234375
2014-08-28,6360.75
2014-09-01,6438.4501953125
2014-09-02,6484.35009765625
2014-09-03,6517.7001953125
2014-09-04,6501.9501953125
2014-09-05,6502.2998046875
2014-09-08,6578.0
2014-09-09,6577.0498046875
2014-09-10,6540.25
2014-09-11,6554.75
2014-09-12,6572.7001953125
2014-09-15,6540.10009765625
2014-09-16,6411.25
2014-09-17,6442.5
2014-09-18,6560.0
2014-09-19,6561.64990234375
2014-09-22,6576.60009765625
2014-09-23,6464.7998046875
2014-09-24,6437.25
2014-09-25,6343.14990234375
2014-09-26,6396.5498046875
2014-09-29,6408.2998046875
2014-09-30,6415.7001953125
2014-10-01,6398.0498046875
2014-10-07,6324.85009765625
2014-10-08,6316.64990234375
2014-10-09,6416.39990234375
2014-10-10,6330.35009765625
2014-10-13,6352.39990234375
2014-10-14,6339.89990234375
2014-10-16,6225.2998046875
2014-10-17,6255.14990234375
2014-10-20,6334.7998046875
2014-10-21,6378.14990234375
2014-10-22,6436.5498046875
2014-10-27,6438.89990234375
2014-10-28,6465.14990234375
2014-10-29,6513.75
2014-10-30,6570.2998046875
2014-10-31,6685.75
2014-11-03,6704.2998046875
2014-11-05,6713.75
2014-11-07,6720.9501953125
2014-11-10,6727.75
2014-11-11,6753.10009765625
2014-11-12,6777.60009765625
2014-11-13,6753.5498046875
2014-11-14,6785.75
2014-11-17,6825.75
2014-11-18,6837.35009765625
2014-11-19,6797.7001953125
2014-11-20,6806.2998046875
2014-11-21,6847.2998046875
2014-11-24,6880.7998046875
2014-11-25,6810.4501953125
2014-11-26,6825.4501953125
2014-11-27,6845.2998046875
2014-11-28,6918.0498046875
2014-12-01,6898.0498046875
2014-12-02,6895.7001953125
2014-12-03,6935.5498046875
2014-12-04,6960.75
2014-12-05,6937.5498046875
2014-12-08,6857.14990234375
2014-12-09,6767.60009765625
2014-12-10,6796.25
2014-12-11,6744.9501953125
2014-12-12,6680.5498046875
2014-12-15,6667.5498046875
2014-12-16,6525.2001953125
2014-12-17,6492.89990234375
2014-12-18,6625.60009765625
2014-12-19,6670.14990234375
2014-12-22,6744.14990234375
2014-12-23,6703.0
2014-12-24,6650.60009765625
2014-12-26,6674.7998046875
2014-12-29,6718.60009765625
2014-12-30,6733.75
2014-12-31,6773.64990234375
2015-01-01,6786.10009765625
2015-01-02,6866.4501953125
2015-01-05,6857.4501953125
2015-01-06,6656.7998046875
2015-01-07,6644.9501953125
2015-01-08,6755.4501953125
2015-01-09,6783.0
2015-01-12,6815.0498046875
2015-01-13,6801.39990234375
2015-01-14,6787.14990234375
2015-01-15,6937.5
2015-01-16,6961.4501953125
2015-01-19,6992.14990234375
2015-01-20,7080.64990234375
2015-01-21,7099.60009765625
2015-01-22,7121.85009765625
2015-01-23,7170.25
2015-01-27,7229.0498046875
2015-01-28,7241.5498046875
2015-01-29,7257.25
2015-01-30,7166.7001953125
2015-02-02,7172.89990234375
2015-02-03,7137.4501953125
2015-02-04,7108.75
2015-02-05,7076.64990234375
2015-02-06,7029.4501953125
2015-02-09,6922.35009765625
2015-02-10,6959.89990234375
2015-02-11,7031.7998046875
2015-02-12,7108.2001953125
2015-02-13,7176.2001953125
2015-02-16,7175.0
2015-02-18,7228.5498046875
2015-02-19,7242.85009765625
2015-02-20,7209.39990234375
2015-02-23,7147.5498046875
2015-02-24,7146.60009765625
2015-02-25,7144.2001953125
2015-02-26,7077.5
2015-02-27,7210.2998046875
2015-03-02,7299.64990234375
2015-03-03,7345.5498046875
2015-03-04,7279.7998046875
2015-03-05,7303.35009765625
2015-03-09,7171.5
2015-03-10,7141.7001953125
2015-03-11,7126.60009765625
2015-03-12,7202.60009765625
2015-03-13,7099.89990234375
2015-03-16,7078.9501953125
2015-03-17,7154.0498046875
2015-03-18,7137.0498046875
2015-03-19,7096.75
2015-03-20,7028.2001953125
2015-03-23,6997.60009765625
2015-03-24,6984.75
2015-03-25,6972.4501953125
2015-03-26,6846.25
2015-03-27,6846.60009765625
2015-03-30,6969.9501953125
2015-03-31,6978.14990234375
2015-04-01,7060.2001953125
2015-04-06,7126.75
2015-04-07,7144.39990234375
2015-04-08,7193.60009765625
2015-04-09,7234.0
2015-04-10,7246.0498046875
2015-04-13,7286.2001953125
2015-04-15,7224.2001953125
2015-04-16,7183.35009765625
2015-04-17,7093.85009765625
2015-04-20,6958.0
2015-04-21,6908.0
2015-04-22,6938.0
2015-04-23,6922.39990234375
2015-04-24,6826.5498046875
2015-04-27,6723.89990234375
2015-04-28,6794.64990234375
2015-04-29,6781.7001953125
2015-04-30,6749.64990234375
2015-05-04,6873.39990234375
2015-05-05,6878.5
2015-05-06,6680.89990234375
2015-05-07,6616.85009765625
2015-05-08,6728.89990234375
2015-05-11,6839.0
2015-05-12,6689.39990234375
2015-05-13,6780.39990234375
2015-05-14,6796.75
2015-05-15,6827.0498046875
2015-05-18,6910.85009765625
2015-05-19,6909.7001953125
2015-05-20,6944.39990234375
2015-05-21,6938.75
2015-05-22,6964.4501953125
2015-05-25,6911.14990234375
2015-05-26,6890.60009765625
2015-05-27,6885.10009765625
2015-05-28,6867.75
2015-05-29,6959.85009765625
2015-06-01,6957.4501953125
2015-06-02,6799.4501953125
2015-06-03,6703.4501953125
2015-06-04,6704.75
2015-06-05,6700.7001953125
2015-06-08,6631.2998046875
2015-06-09,6612.89990234375
2015-06-10,6691.25
2015-06-11,6568.5
2015-06-12,6577.39990234375
2015-06-15,6600.64990234375
2015-06-16,6627.0
2015-06-17,6680.7998046875
2015-06-18,6746.85009765625
2015-06-19,6785.10009765625
2015-06-22,6889.7001953125
2015-06-23,6912.4501953125
2015-06-24,6887.7998046875
2015-06-25,6917.5498046875
2015-06-26,6908.85009765625
2015-06-29,6843.9501953125
2015-06-30,6897.2001953125
2015-07-01,6972.2998046875
2015-07-02,6983.35009765625
2015-07-03,7003.9501953125
2015-07-06,7043.39990234375
2015-07-07,7051.0498046875
2015-07-08,6939.7001953125
2015-07-09,6915.35009765625
2015-07-10,6935.5498046875
2015-07-13,7016.5498046875
2015-07-14,7020.25
2015-07-15,7065.64990234375
2015-07-16,7136.7998046875
2015-07-17,7148.0498046875
2015-07-20,7148.5
2015-07-21,7070.2998046875
2015-07-22,7149.4501953125
2015-07-23,7129.35009765625
2015-07-24,7074.9501953125
2015-07-27,6955.35009765625
2015-07-28,6935.64990234375
2015-07-29,6974.14990234375
2015-07-30,7019.60009765625
2015-07-31,7106.2001953125
2015-08-03,7129.0
2015-08-04,7136.2998046875
2015-08-05,7186.25
2015-08-06,7202.0
2015-08-07,7183.85009765625
2015-08-10,7157.5498046875
2015-08-11,7101.10009765625
2015-08-12,6986.4501953125
2015-08-13,6976.60009765625
2015-08-14,7112.5
2015-08-17,7098.7001953125
2015-08-18,7106.39990234375
2015-08-19,7125.85009765625
2015-08-20,7016.9501953125
2015-08-21,6961.0
2015-08-24,6493.85009765625
2015-08-25,6569.85009765625
2015-08-26,6513.35009765625
2015-08-27,6657.25
2015-08-28,6694.4501953125
2015-08-31,6669.35009765625
2015-09-01,6522.25
2015-09-02,6475.64990234375
2015-09-03,6560.0498046875
2015-09-04,6421.0498046875
2015-09-07,6323.39990234375
2015-09-08,6407.0
2015-09-09,6522.2998046875
2015-09-10,6504.5
2015-09-11,6511.5498046875
2015-09-14,6582.7001953125
2015-09-15,6543.25
2015-09-16,6571.60009765625
2015-09-18,6636.9501953125
2015-09-21,6647.14990234375
2015-09-22,6528.5498046875
2015-09-23,6553.89990234375
2015-09-24,6573.89990234375
2015-09-28,6524.25
2015-09-29,6552.35009765625
2015-09-30,6646.10009765625
2015-10-01,6654.5
2015-10-05,6789.10009765625
2015-10-06,6818.64990234375
2015-10-07,6835.7998046875
2015-10-08,6793.7998046875
2015-10-09,6829.39990234375
2015-10-12,6802.2998046875
2015-10-13,6797.5498046875
2015-10-14,6786.0498046875
2015-10-15,6834.0498046875
2015-10-16,6870.85009765625
2015-10-19,6907.7001953125
2015-10-20,6907.10009765625
2015-10-21,6895.75
2015-10-23,6913.0498046875
2015-10-26,6882.60009765625
2015-10-27,6870.35009765625
2015-10-28,6828.14990234375
2015-10-29,6784.85009765625
2015-10-30,6750.9501953125
2015-11-02,6740.89990234375
2015-11-03,6755.14990234375
2015-11-04,6741.2001953125
2015-11-05,6661.7001953125
2015-11-06,6650.10009765625
2015-11-09,6641.39990234375
2015-11-10,6536.4501953125
2015-11-13,6526.60009765625
2015-11-16,6551.4501953125
2015-11-17,6580.7998046875
2015-11-18,6507.5498046875
2015-11-19,6594.5498046875
2015-11-20,6615.64990234375
2015-11-23,6615.5
2015-11-24,6609.10009765625
2015-11-26,6644.89990234375
2015-11-27,6686.89990234375
2015-11-30,6686.10009765625
2015-12-01,6712.5
2015-12-02,6699.7998046875
2015-12-03,6649.5
2015-12-04,6584.89990234375
2015-12-07,6576.85009765625
2015-12-08,6515.14990234375
2015-12-09,6425.35009765625
2015-12-10,6484.25
2015-12-11,6425.4501953125
2015-12-14,6457.60009765625
2015-12-15,6501.75
2015-12-16,6535.4501953125
2015-12-17,6621.75
2015-12-18,6570.7998046875
2015-12-21,6628.0498046875
2015-12-22,6595.85009765625
2015-12-23,6652.75
2015-12-24,6656.75
2015-12-28,6700.7001953125
2015-12-29,6705.25
2015-12-30,6685.4501953125
2015-12-31,6724.75
2016-01-01,6753.64990234375
2016-01-04,6630.7998046875
2016-01-05,6639.5
2016-01-06,6607.64990234375
2016-01-07,6446.85009765625
2016-01-08,6490.85009765625
2016-01-11,6451.85009765625
2016-01-12,6405.4501953125
2016-01-13,6415.9501953125
2016-01-14,6378.2001953125
2016-01-15,6262.39990234375
2016-01-18,6149.14990234375
2016-01-19,6225.2001953125
2016-01-20,6115.75
2016-01-21,6092.0498046875
2016-01-22,6216.7001953125
2016-01-25,6234.4501953125
2016-01-27,6242.39990234375
2016-01-28,6230.0
2016-01-29,6339.4501953125
2016-02-01,6341.60009765625
2016-02-02,6252.2001953125
2016-02-03,6166.2001953125
2016-02-04,6186.25
2016-02-05,6270.5
2016-02-08,6209.7998046875
2016-02-09,6125.60009765625
2016-02-10,6051.9501953125
2016-02-11,5843.2001953125
2016-02-12,5833.39990234375
2016-02-15,5999.0498046875
2016-02-16,5889.10009765625
2016-02-17,5930.14990234375
2016-02-18,5988.7998046875
2016-02-19,6000.39990234375
2016-02-22,6024.14990234375
2016-02-23,5930.89990234375
2016-02-24,5859.75
2016-02-25,5816.5
2016-02-26,5852.89990234375
2016-02-29,5829.9501953125
2016-03-01,6020.0498046875
2016-03-02,6137.14990234375
2016-03-03,6218.39990234375
2016-03-04,6239.35009765625
2016-03-08,6243.64990234375
2016-03-09,6275.10009765625
2016-03-10,6242.9501953125
2016-03-11,6258.4501953125
2016-03-14,6282.7001953125
2016-03-15,6222.64990234375
2016-03-16,6238.4501953125
2016-03-17,6255.75
2016-03-18,6322.64990234375
2016-03-21,6406.7001953125
2016-03-22,6418.2998046875
2016-03-23,6423.7001953125
2016-03-28,6334.7001953125
2016-03-29,6323.0
2016-03-30,6436.7001953125
2016-03-31,6452.14990234375
2016-04-01,6445.5
2016-04-04,6479.60009765625
2016-04-05,6358.35009765625
2016-04-06,6378.0
2016-04-07,6329.7998046875
2016-04-08,6346.64990234375
2016-04-11,6430.60009765625
2016-04-12,6470.10009765625
2016-04-13,6575.35009765625
2016-04-18,6635.0498046875
2016-04-20,6643.2998046875
2016-04-21,6634.2998046875
2016-04-22,6627.9501953125
2016-04-25,6593.4501953125
2016-04-26,6669.5
2016-04-27,6684.2998046875
2016-04-28,6583.14990234375
2016-04-29,6588.5498046875
2016-05-02,6580.14990234375
2016-05-03,6533.5498046875
2016-05-04,6484.35009765625
2016-05-05,6500.0498046875
2016-05-06,6504.5498046875
2016-05-09,6603.25
2016-05-10,6617.25
2016-05-11,6593.0
2016-05-12,6640.89990234375
2016-05-13,6582.2998046875
2016-05-16,6608.25
2016-05-17,6629.7001953125
2016-05-18,6621.5498046875
2016-05-19,6546.5
2016-05-20,6513.10009765625
2016-05-23,6495.25
2016-05-24,6498.60009765625
2016-05-25,6626.85009765625
2016-05-26,6725.2001953125
2016-05-27,6797.0
2016-05-30,6820.2998046875
2016-05-31,6804.0
2016-06-01,6815.4501953125
2016-06-02,6849.2001953125
2016-06-03,6844.75
2016-06-06,6832.2998046875
2016-06-07,6884.14990234375
2016-06-08,6901.7998046875
2016-06-09,6857.75
2016-06-10,6832.0498046875
2016-06-13,6785.14990234375
2016-06-14,6793.85009765625
2016-06-15,6865.0498046875
2016-06-16,6819.85009765625
2016-06-17,6842.35009765625
2016-06-20,6891.2998046875
2016-06-21,6886.14990234375
2016-06-22,6871.0
2016-06-23,6910.5498046875
2016-06-24,6775.5498046875
2016-06-27,6803.7001953125
2016-06-28,6837.75
2016-06-29,6907.10009765625
2016-06-30,6980.7998046875
2016-07-01,7027.85009765625
2016-07-04,7071.85009765625
2016-07-05,7051.0
2016-07-07,7050.10009765625
2016-07-08,7039.39990234375
2016-07-11,7151.35009765625
2016-07-12,7192.25
2016-07-13,7177.0
2016-07-14,7215.35009765625
2016-07-15,7194.39990234375
2016-07-18,7162.25
2016-07-19,7178.2001953125
2016-07-20,7221.2998046875
2016-07-21,7186.7001953125
2016-07-22,7227.4501953125
2016-07-25,7305.60009765625
2016-07-26,7270.0
2016-07-27,7297.89990234375
2016-07-28,7338.64990234375
2016-07-29,7330.0
2016-08-01,7335.0498046875
2016-08-02,7310.89990234375
2016-08-03,7232.7998046875
2016-08-04,7248.5498046875
2016-08-05,7364.0498046875
2016-08-08,7398.25
2016-08-09,7368.4501953125
2016-08-10,7277.0
2016-08-11,7289.5
2016-08-12,7347.4501953125
2016-08-16,7339.25
2016-08-17,7343.7001953125
2016-08-18,7390.2001953125
2016-08-19,7397.7998046875
2016-08-22,7363.7998046875
2016-08-23,7359.75
2016-08-24,7386.0498046875
2016-08-25,7343.5
2016-08-26,7334.7998046875
2016-08-29,7361.0
2016-08-30,7461.9501953125
2016-08-31,7490.64990234375
2016-09-01,7474.2998046875
2016-09-02,7504.60009765625
2016-09-06,7615.0
2016-09-07,7607.2001953125
2016-09-08,7642.7001953125
2016-09-09,7575.5498046875
2016-09-12,7420.5
2016-09-14,7455.2998046875
2016-09-15,7462.7001953125
2016-09-16,7487.2001953125
2016-09-19,7513.7998046875
2016-09-20,7490.2998046875
2016-09-21,7491.7001953125
2016-09-22,7573.0
2016-09-23,7554.89990234375
2016-09-26,7479.75
2016-09-27,7469.9501953125
2016-09-28,7514.9501953125
2016-09-29,7336.85009765625
2016-09-30,7394.85009765625
2016-10-03,7532.25
2016-10-04,7567.7001953125
2016-10-05,7565.5
2016-10-06,7537.25
2016-10-07,7527.2001953125
2016-10-10,7532.7001953125
2016-10-13,7418.35009765625
2016-10-14,7439.85009765625
2016-10-17,7384.5
2016-10-18,7512.2998046875
2016-10-19,7507.7001953125
2016-10-20,7538.7998046875
2016-10-21,7541.7001953125
2016-10-24,7551.5498046875
2016-10-25,7541.5
2016-10-26,7476.75
2016-10-27,7452.14990234375
2016-10-28,7494.10009765625
2016-11-01,7502.2001953125
2016-11-02,7391.39990234375
2016-11-03,7344.10009765625
2016-11-04,7274.10009765625
2016-11-07,7330.9501953125
2016-11-08,7366.0498046875
2016-11-09,7247.4501953125
2016-11-10,7342.2998046875
2016-11-11,7126.5
2016-11-15,6916.4501953125
2016-11-16,6928.10009765625
2016-11-17,6903.4501953125
2016-11-18,6908.5
2016-11-21,6761.5498046875
2016-11-22,6835.2998046875
2016-11-23,6882.64990234375
2016-11-24,6837.5
2016-11-25,6960.75
2016-11-28,6983.39990234375
2016-11-29,7003.60009765625
2016-11-30,7079.39990234375
2016-12-01,7040.25
2016-12-02,6947.2998046875
2016-12-05,6984.25
2016-12-06,7001.60009765625
2016-12-07,6971.2001953125
2016-12-08,7089.25
2016-12-09,7101.14990234375
2016-12-12,7023.2001953125
2016-12-13,7045.35009765625
2016-12-14,7004.64990234375
2016-12-15,6989.25
2016-12-16,6976.5
2016-12-19,6943.35009765625
2016-12-20,6908.10009765625
2016-12-21,6896.0
2016-12-22,6816.35009765625
2016-12-23,6814.89990234375
2016-12-26,6724.4501953125
2016-12-27,6832.0
2016-12-28,6847.39990234375
2016-12-29,6915.4501953125
2016-12-30,6982.7998046875
2017-01-02,7002.5
2017-01-03,7028.75
2017-01-04,7030.75
2017-01-05,7106.89990234375
2017-01-06,7083.10009765625
2017-01-09,7085.14990234375
2017-01-10,7132.2001953125
2017-01-11,7214.14990234375
2017-01-12,7231.85009765625
2017-01-13,7228.2998046875
2017-01-16,7247.9501953125
2017-01-17,7243.64990234375
2017-01-18,7269.0
2017-01-19,7287.75
2017-01-20,7202.75
2017-01-23,7242.5498046875
2017-01-24,7315.25
2017-01-25,7417.7001953125
2017-01-27,7455.14990234375
2017-01-30,7452.14990234375
2017-01-31,7379.2998046875
2017-02-01,7516.0498046875
2017-02-02,7547.10009765625
2017-02-03,7569.89990234375
2017-02-06,7628.10009765625
2017-02-07,7603.2001953125
2017-02-08,7614.75
2017-02-09,7623.60009765625
2017-02-10,7631.25
2017-02-13,7626.9501953125
2017-02-14,7605.0498046875
2017-02-15,7531.60009765625
2017-02-16,7599.4501953125
2017-02-17,7638.0
2017-02-20,7691.85009765625
2017-02-21,7725.25
2017-02-22,7721.60009765625
2017-02-23,7729.64990234375
2017-02-27,7706.5
2017-02-28,7709.10009765625
2017-03-01,7754.7001953125
2017-03-02,7691.64990234375
2017-03-03,7696.2001953125
2017-03-06,7745.39990234375
2017-03-07,7735.2998046875
2017-03-08,7710.9501953125
2017-03-09,7710.0
2017-03-10,7710.89990234375
2017-03-14,7835.64990234375
2017-03-15,7854.75
2017-03-16,7928.5498046875
2017-03-17,7933.10009765625
2017-03-20,7918.60009765625
2017-03-21,7909.2001953125
2017-03-22,7830.10009765625
2017-03-23,7885.7001953125
2017-03-24,7905.2998046875
2017-03-27,7865.2998046875
2017-03-28,7912.10009765625
2017-03-29,7945.2998046875
2017-03-30,7976.89990234375
2017-03-31,7995.0498046875
2017-04-03,8053.14990234375
2017-04-05,8095.10009765625
2017-04-06,8092.10009765625
2017-04-07,8045.35009765625
2017-04-10,8052.10009765625
2017-04-11,8107.10009765625
2017-04-12,8078.85009765625
2017-04-13,8044.89990234375
2017-04-17,8042.60009765625
2017-04-18,8003.14990234375
2017-04-19,8021.0
2017-04-20,8063.10009765625
2017-04-21,8057.7001953125
2017-04-24,8137.35009765625
2017-04-25,8216.7001953125
2017-04-26,8230.849609375
2017-04-27,8222.2001953125
2017-04-28,8214.2998046875
2017-05-02,8231.349609375
2017-05-03,8227.7001953125
2017-05-04,8265.7998046875
2017-05-05,8193.25
2017-05-08,8226.099609375
2017-05-09,8242.7001953125
2017-05-10,8320.2001953125
2017-05-11,8331.0
2017-05-12,8299.2001953125
2017-05-15,8351.2998046875
2017-05-16,8398.9501953125
2017-05-17,8396.0
2017-05-18,8279.150390625
2017-05-19,8258.2001953125
2017-05-22,8235.0498046875
2017-05-23,8159.14990234375
2017-05-24,8106.60009765625
2017-05-25,8233.900390625
2017-05-26,8331.849609375
2017-05-29,8299.5
2017-05-30,8328.9501953125
2017-05-31,8350.9501953125
2017-06-01,8367.150390625
2017-06-02,8406.5498046875
2017-06-05,8435.75
2017-06-06,8397.2001953125
2017-06-07,8431.5
2017-06-08,8429.150390625
2017-06-09,8452.75
2017-06-12,8408.7001953125
2017-06-13,8408.0
2017-06-14,8420.7998046875
2017-06-15,8400.2001953125
2017-06-16,8411.4501953125
2017-06-19,8453.099609375
2017-06-20,8454.0
2017-06-21,8443.599609375
2017-06-22,8423.849609375
2017-06-23,8355.099609375
2017-06-27,8285.5
2017-06-28,8279.7001953125
2017-06-29,8301.099609375
2017-06-30,8331.599609375
2017-07-03,8416.400390625
2017-07-04,8410.7001953125
2017-07-05,8451.5
2017-07-06,8481.75
2017-07-07,8479.4501953125
2017-07-10,8556.9501953125
2017-07-11,8544.900390625
2017-07-12,8585.5
2017-07-13,8646.2998046875
2017-07-14,8640.7001953125
2017-07-17,8659.5
2017-07-18,8589.7998046875
2017-07-19,8662.150390625
2017-07-20,8641.599609375
2017-07-21,8669.75
2017-07-24,8702.849609375
2017-07-25,8710.599609375
2017-07-26,8748.75
2017-07-27,8737.099609375
2017-07-28,8747.4501953125
2017-07-31,8793.2998046875
2017-08-01,8812.599609375
2017-08-02,8786.849609375
2017-08-03,8729.2998046875
2017-08-04,8776.2001953125
2017-08-07,8806.4501953125
2017-08-08,8726.849609375
2017-08-09,8637.150390625
2017-08-10,8497.75
2017-08-11,8427.7001953125
2017-08-14,8541.5
2017-08-16,8635.7001953125
2017-08-17,8643.2998046875
2017-08-18,8594.25
2017-08-21,8509.400390625
2017-08-22,8499.2998046875
2017-08-23,8585.0
2017-08-24,8605.75
2017-08-28,8669.599609375
2017-08-29,8571.7998046875
2017-08-30,8663.150390625
2017-08-31,8694.9501953125
2017-09-01,8755.25
2017-09-04,8700.349609375
2017-09-05,8747.2001953125
2017-09-06,8732.400390625
2017-09-07,8757.150390625
2017-09-08,8749.9501953125
2017-09-11,8810.9501953125
2017-09-12,8890.650390625
2017-09-13,8866.849609375
2017-09-14,8884.9501953125
2017-09-15,8887.599609375
2017-09-18,8946.900390625
2017-09-19,8951.75
2017-09-20,8938.400390625
2017-09-21,8911.2001953125
2017-09-22,8738.0
2017-09-25,8638.2998046875
2017-09-26,8654.599609375
2017-09-27,8520.9501953125
2017-09-28,8557.099609375
2017-09-29,8600.0
2017-10-03,8662.400390625
2017-10-04,8706.849609375
2017-10-05,8706.4501953125
2017-10-06,8787.400390625
2017-10-09,8798.2998046875
2017-10-10,8836.400390625
2017-10-11,8792.400390625
2017-10-12,8890.0498046875
2017-10-13,8937.2001953125
2017-10-16,8985.25
2017-10-17,9002.349609375
2017-10-18,8984.650390625
2017-10-19,8937.650390625
2017-10-23,8972.900390625
2017-10-24,8993.7998046875
2017-10-25,9065.150390625
2017-10-26,9106.75
2017-10-27,9104.4501953125
2017-10-30,9165.099609375
2017-10-31,9153.599609375
2017-11-01,9234.849609375
2017-11-02,9237.75
2017-11-03,9260.650390625
2017-11-06,9273.099609375
2017-11-07,9169.5498046875
2017-11-08,9117.5498046875
2017-11-09,9147.2998046875
2017-11-10,9154.9501953125
2017-11-13,9082.4501953125
2017-11-14,9051.5
2017-11-15,8973.75
2017-11-16,9065.0
2017-11-17,9137.099609375
2017-11-20,9161.900390625
2017-11-21,9185.400390625
2017-11-22,9195.7001953125
2017-11-23,9207.400390625
2017-11-24,9246.0498046875
2017-11-27,9267.5
2017-11-28,9254.2998046875
2017-11-29,9244.7001953125
2017-11-30,9154.5
2017-12-01,9060.400390625
2017-12-04,9059.349609375
2017-12-05,9056.599609375
2017-12-06,8988.5498046875
2017-12-07,9103.0498046875
2017-12-08,9190.5498046875
2017-12-11,9231.900390625
2017-12-12,9156.5
2017-12-13,9101.7998046875
2017-12-14,9133.650390625
2017-12-15,9216.75
2017-12-18,9270.849609375
2017-12-19,9360.4501953125
2017-12-20,9363.4501953125
2017-12-21,9387.75
2017-12-22,9431.5
2017-12-26,9470.349609375
2017-12-27,9438.25
2017-12-28,9435.849609375
2017-12-29,9490.650390625
2018-01-01,9434.5
2018-01-02,9417.849609375
2018-01-03,9439.349609375
2018-01-04,9505.75
2018-01-05,9573.4501953125
2018-01-08,9639.25
2018-01-09,9640.75
2018-01-10,9630.599609375
2018-01-11,9650.2998046875
2018-01-12,9665.2001953125
2018-01-15,9699.849609375
2018-01-16,9612.599609375
2018-01-17,9686.599609375
2018-01-18,9646.7998046875
2018-01-19,9723.099609375
2018-01-22,9787.2998046875
2018-01-23,9877.2001953125
2018-01-24,9853.900390625
2018-01-25,9810.0
2018-01-29,9819.4501953125
2018-01-30,9743.0498046875
2018-01-31,9697.900390625
2018-02-01,9687.0498046875
2018-02-02,9409.7998046875
2018-02-05,9344.400390625
2018-02-06,9190.5498046875
2018-02-07,9206.349609375
2018-02-08,9322.599609375
2018-02-09,9251.099609375
2018-02-12,9348.4501953125
2018-02-14,9326.7001953125
2018-02-15,9323.599609375
2018-02-16,9235.599609375
2018-02-19,9159.9501953125
2018-02-20,9151.0498046875
2018-02-21,9167.599609375
2018-02-22,9138.5
2018-02-23,9251.349609375
2018-02-26,9332.650390625
2018-02-27,9302.25
2018-02-28,9261.900390625
2018-03-01,9225.349609375
2018-03-05,9136.099609375
2018-03-06,9039.7998046875
2018-03-07,8936.849609375
2018-03-08,9000.7001953125
2018-03-09,8986.400390625
2018-03-12,9121.75
2018-03-13,9157.900390625
2018-03-14,9151.5498046875
2018-03-15,9133.900390625
2018-03-16,9004.4501953125
2018-03-19,8894.2001953125
2018-03-20,8920.4501953125
2018-03-21,8949.099609375
2018-03-22,8904.0
2018-03-23,8800.7998046875
2018-03-26,8914.349609375
2018-03-27,8978.099609375
2018-03-28,8912.099609375
2018-04-02,9023.599609375
2018-04-03,9074.849609375
2018-04-04,8975.599609375
2018-04-05,9146.150390625
2018-04-06,9172.0498046875
2018-04-09,9205.2001953125
2018-04-10,9219.150390625
2018-04-11,9230.849609375
2018-04-12,9247.25
2018-04-13,9267.650390625
2018-04-16,9311.2998046875
2018-04-17,9330.2998046875
2018-04-18,9311.599609375
2018-04-19,9356.400390625
2018-04-20,9347.650390625
2018-04-23,9373.400390625
2018-04-24,9390.400390625
2018-04-25,9349.9501953125
2018-04-26,9381.349609375
2018-04-27,9443.650390625
2018-04-30,9496.5
2018-05-02,9444.5
2018-05-03,9388.650390625
2018-05-04,9339.75
2018-05-07,9418.7998046875
2018-05-08,9419.849609375
2018-05-09,9418.900390625
2018-05-10,9360.9501953125
2018-05-11,9416.349609375
2018-05-14,9389.9501953125
2018-05-15,9365.900390625
2018-05-16,9328.7001953125
2018-05-17,9304.4501953125
2018-05-18,9209.2001953125
2018-05-21,9108.7001953125
2018-05-22,9145.650390625
2018-05-23,9069.7998046875
2018-05-24,9115.5498046875
2018-05-25,9215.5498046875
2018-05-28,9307.5498046875
2018-05-29,9270.599609375
2018-05-30,9255.0
2018-05-31,9315.349609375
2018-06-01,9255.099609375
2018-06-04,9175.900390625
2018-06-05,9110.5
2018-06-06,9205.900390625
2018-06-07,9300.099609375
2018-06-08,9316.25
2018-06-11,9332.400390625
2018-06-12,9386.4501953125
2018-06-13,9386.400390625
2018-06-14,9356.650390625
2018-06-15,9343.7001953125
2018-06-18,9318.5498046875
2018-06-19,9234.5
2018-06-20,9276.400390625
2018-06-21,9240.25
2018-06-22,9296.650390625
2018-06-25,9234.400390625
2018-06-26,9231.7998046875
2018-06-27,9129.25
2018-06-28,9036.9501953125
2018-06-29,9162.4501953125
2018-07-02,9109.0
2018-07-03,9149.400390625
2018-07-04,9194.5498046875
2018-07-05,9166.599609375
2018-07-06,9194.5
2018-07-09,9277.9501953125
2018-07-10,9359.400390625
2018-07-11,9344.25
2018-07-12,9380.900390625
2018-07-13,9349.0498046875
2018-07-16,9231.25
2018-07-17,9315.25
2018-07-18,9269.5498046875
2018-07-19,9236.2998046875
2018-07-20,9286.099609375
2018-07-23,9363.849609375
2018-07-24,9450.650390625
2018-07-25,9449.900390625
2018-07-26,9487.900390625
2018-07-27,9579.0498046875
2018-07-30,9618.7001953125
2018-07-31,9650.599609375
2018-08-01,9651.7001953125
2018-08-02,9588.7998046875
2018-08-03,9685.7001953125
2018-08-06,9709.349609375
2018-08-07,9704.7998046875
2018-08-08,9744.75
2018-08-09,9769.099609375
2018-08-10,9724.4501953125
2018-08-13,9656.5
2018-08-14,9726.150390625
2018-08-16,9685.650390625
2018-08-17,9770.2001953125
2018-08-20,9839.75
2018-08-21,9862.5
2018-08-23,9872.5498046875
2018-08-24,9850.7998046875
2018-08-27,9958.7998046875
2018-08-28,9985.900390625
2018-08-29,9973.650390625
2018-08-30,9975.2001953125
2018-08-31,9992.0
2018-09-03,9921.650390625
2018-09-04,9806.0498046875
2018-09-05,9764.5498046875
2018-09-06,9815.4501953125
2018-09-07,9875.2001953125
2018-09-10,9740.099609375
2018-09-11,9607.099609375
2018-09-12,9660.599609375
2018-09-14,9792.75
2018-09-17,9696.4501953125
2018-09-18,9594.25
2018-09-19,9545.7001953125
2018-09-21,9425.5498046875
2018-09-24,9243.150390625
2018-09-25,9303.349609375
2018-09-26,9302.25
2018-09-27,9202.349609375
2018-09-28,9116.0
2018-10-01,9165.5
2018-10-03,9056.7001953125
2018-10-04,8854.849609375
2018-10-05,8624.9501953125
2018-10-08,8602.599609375
2018-10-09,8562.9501953125
2018-10-10,8748.5
2018-10-11,8565.599609375
2018-10-12,8767.099609375
2018-10-15,8812.0
2018-10-16,8893.7998046875
2018-10-17,8758.599609375
2018-10-19,8640.650390625
2018-10-22,8576.9501953125
2018-10-23,8489.900390625
2018-10-24,8555.650390625
2018-10-25,8473.5
2018-10-26,8417.25
2018-10-29,8610.099609375
2018-10-30,8600.2998046875
2018-10-31,8753.4501953125
2018-11-01,8772.5
2018-11-02,8899.400390625
2018-11-05,8877.900390625
2018-11-06,8870.2998046875
2018-11-07,8929.849609375
2018-11-09,8946.349609375
2018-11-12,8859.25
2018-11-13,8923.5498046875
2018-11-14,8921.4501953125
2018-11-15,8954.650390625
2018-11-16,8993.25
2018-11-19,9052.75
2018-11-20,8960.150390625
2018-11-21,8940.2998046875
2018-11-22,8879.0
2018-11-26,8943.0
2018-11-27,8983.900390625
2018-11-28,8993.25
2018-11-29,9081.849609375
2018-11-30,9109.150390625
2018-12-03,9126.900390625
2018-12-04,9116.4501953125
2018-12-05,9029.4501953125
2018-12-06,8883.25
2018-12-07,8940.650390625
2018-12-10,8769.599609375
2018-12-11,8845.150390625
2018-12-12,9021.599609375
2018-12-13,9077.2998046875
2018-12-14,9091.2998046875
2018-12-17,9153.9501953125
2018-12-18,9177.349609375
2018-12-19,9246.7998046875
2018-12-20,9234.4501953125
2018-12-21,9082.5498046875
2018-12-24,9002.4501953125
2018-12-26,9041.7001953125
2018-12-27,9078.7998046875
2018-12-28,9152.5498046875
2018-12-31,9170.0
2019-01-01,9197.900390625
2019-01-02,9103.400390625
2019-01-03,9014.7998046875
2019-01-04,9054.900390625
2019-01-07,9081.150390625
2019-01-08,9098.650390625
2019-01-09,9127.4501953125
2019-01-10,9119.400390625
2019-01-11,9098.2001953125
2019-01-14,9051.4501953125
2019-01-15,9157.150390625
2019-01-16,9158.75
2019-01-17,9161.599609375
2019-01-18,9140.099609375
2019-01-21,9155.2998046875
2019-01-22,9131.150390625
2019-01-23,9068.849609375
2019-01-24,9072.2001953125
2019-01-25,8994.349609375
2019-01-28,8876.599609375
2019-01-29,8875.650390625
2019-01-30,8884.900390625
2019-01-31,9003.849609375
2019-02-01,9056.2998046875
2019-02-04,9042.0
2019-02-05,9033.599609375
2019-02-06,9118.7001953125
2019-02-07,9145.7998046875
2019-02-08,9036.900390625
2019-02-11,8967.150390625
2019-02-12,8925.2998046875
2019-02-14,8869.2998046875
2019-02-15,8827.0498046875
2019-02-18,8754.349609375
2019-02-19,8742.2998046875
2019-02-20,8845.599609375
2019-02-21,8901.7001953125
2019-02-22,8919.75
2019-02-25,8983.849609375
2019-02-26,8953.150390625
2019-02-27,8946.2001953125
2019-02-28,8955.9501953125
2019-03-01,9037.5
2019-03-05,9173.599609375
2019-03-06,9230.4501953125
2019-03-07,9225.349609375
2019-03-08,9211.0498046875
2019-03-11,9345.599609375
2019-03-12,9440.849609375
2019-03-13,9450.25
2019-03-14,9447.2001953125
2019-03-15,9499.400390625
2019-03-18,9516.7001953125
2019-03-19,9570.150390625
2019-03-20,9553.0
2019-03-22,9500.0498046875
2019-03-25,9411.650390625
2019-03-26,9512.599609375
2019-03-27,9501.7998046875
2019-03-28,9601.9501953125
2019-04-01,9702.0
2019-04-02,9720.7998046875
2019-04-03,9658.400390625
2019-04-04,9626.650390625
2019-04-05,9684.9501953125
2019-04-08,9634.400390625
2019-04-09,9677.75
2019-04-10,9622.9501953125
2019-04-11,9634.5498046875
2019-04-12,9674.599609375
2019-04-15,9716.5
2019-04-16,9781.400390625
2019-04-18,9738.7001953125
2019-04-22,9599.7998046875
2019-04-23,9587.2998046875
2019-04-24,9687.5498046875
2019-04-25,9628.7998046875
2019-04-26,9689.7001953125
2019-04-30,9664.2998046875
2019-05-02,9637.5
2019-05-03,9624.5498046875
2019-05-06,9532.4501953125
2019-05-07,9450.7998046875
2019-05-08,9340.25
2019-05-09,9299.75
2019-05-10,9290.2001953125
2019-05-13,9159.9501953125
2019-05-14,9212.349609375
2019-05-15,9160.099609375
2019-05-16,9221.650390625
2019-05-17,9329.7001953125
2019-05-20,9671.900390625
2019-05-21,9578.849609375
2019-05-22,9598.2001953125
2019-05-23,9552.75
2019-05-24,9722.0498046875
2019-05-27,9804.900390625
2019-05-28,9815.5
2019-05-29,9757.150390625
2019-05-30,9815.2998046875
2019-05-31,9805.0498046875
2019-06-03,9922.599609375
2019-06-04,9876.2001953125
2019-06-06,9722.5
2019-06-07,9735.849609375
2019-06-10,9765.849609375
2019-06-11,9805.099609375
2019-06-12,9749.9501953125
2019-06-13,9747.0498046875
2019-06-14,9669.9501953125
2019-06-17,9543.599609375
2019-06-18,9551.349609375
2019-06-19,9526.2001953125
2019-06-20,9646.0
2019-06-21,9581.599609375
2019-06-24,9564.099609375
2019-06-25,9632.849609375
2019-06-26,9682.7998046875
2019-06-27,9692.349609375
2019-06-28,9657.9501953125
2019-07-01,9713.0
2019-07-02,9744.849609375
2019-07-03,9757.2998046875
2019-07-04,9776.7998046875
2019-07-05,9657.650390625
2019-07-08,9447.7998046875
2019-07-09,9455.650390625
2019-07-10,9400.099609375
2019-07-11,9466.400390625
2019-07-12,9457.75
2019-07-15,9469.150390625
2019-07-16,9529.849609375
2019-07-17,9543.349609375
2019-07-18,9456.150390625
2019-07-19,9304.650390625
2019-07-22,9247.75
2019-07-23,9233.5498046875
2019-07-24,9160.4501953125
2019-07-25,9159.150390625
2019-07-26,9192.599609375
2019-07-29,9108.900390625
2019-07-30,9004.0498046875
2019-07-31,9044.9501953125
2019-08-01,8935.75
2019-08-02,8943.9501953125
2019-08-05,8831.9501953125
2019-08-06,8918.599609375
2019-08-07,8854.650390625
2019-08-08,8979.650390625
2019-08-09,9046.5498046875
2019-08-13,8890.099609375
2019-08-14,8971.099609375
2019-08-16,8988.7998046875
2019-08-19,8997.9501953125
2019-08-20,8957.400390625
2019-08-21,8864.5
2019-08-22,8719.25
2019-08-23,8790.5498046875
2019-08-26,8964.7001953125
2019-08-27,9022.25
2019-08-28,8970.900390625
2019-08-29,8906.099609375
2019-08-30,8977.5498046875
2019-09-03,8802.349609375
2019-09-04,8833.099609375
2019-09-05,8846.2998046875
2019-09-06,8920.400390625
2019-09-09,8972.400390625
2019-09-11,9015.150390625
2019-09-12,8981.599609375
2019-09-13,9050.849609375
2019-09-16,9009.150390625
2019-09-17,8853.900390625
2019-09-18,8877.7001953125
2019-09-19,8766.4501953125
2019-09-20,9230.5
2019-09-23,9486.599609375
2019-09-24,9474.75
2019-09-25,9344.150390625
2019-09-26,9443.7998046875
2019-09-27,9395.599609375
2019-09-30,9340.900390625
2019-10-01,9236.400390625
2019-10-03,9198.400390625
2019-10-04,9091.650390625
2019-10-07,9040.650390625
2019-10-09,9177.9501953125
2019-10-10,9112.75
2019-10-11,9161.400390625
2019-10-14,9192.650390625
2019-10-15,9253.849609375
2019-10-16,9281.849609375
2019-10-17,9391.0
2019-10-18,9479.2001953125
2019-10-22,9448.25
2019-10-23,9458.650390625
2019-10-24,9437.650390625
2019-10-25,9431.099609375
2019-10-29,9598.349609375
2019-10-30,9647.5498046875
2019-10-31,9689.650390625
2019-11-01,9704.0
2019-11-04,9732.400390625
2019-11-05,9694.0498046875
2019-11-06,9721.349609375
2019-11-07,9764.2998046875
2019-11-08,9683.2998046875
2019-11-11,9695.849609375
2019-11-13,9633.9501953125
2019-11-14,9650.400390625
2019-11-15,9667.2998046875
2019-11-18,9668.599609375
2019-11-19,9702.150390625
2019-11-20,9744.900390625
2019-11-21,9712.349609375
2019-11-22,9679.2998046875
2019-11-25,9802.0498046875
2019-11-26,9762.849609375
2019-11-27,9815.9501953125
2019-11-28,9869.75
2019-11-29,9813.650390625
2019-12-02,9798.0
2019-12-03,9743.150390625
2019-12-04,9782.099609375
2019-12-05,9757.599609375
2019-12-06,9669.400390625
2019-12-09,9671.4501953125
2019-12-10,9595.400390625
2019-12-11,9636.25
2019-12-12,9691.150390625
2019-12-13,9783.599609375
2019-12-16,9753.0
2019-12-17,9831.349609375
2019-12-18,9864.5498046875
2019-12-19,9892.2998046875
2019-12-20,9905.349609375
2019-12-23,9897.650390625
2019-12-24,9868.400390625
2019-12-26,9817.2001953125
2019-12-27,9908.7001953125
2019-12-30,9924.7001953125
2019-12-31,9872.5498046875
2020-01-01,9888.5498046875
2020-01-02,9980.0
2020-01-03,9941.650390625
2020-01-06,9747.400390625
2020-01-07,9805.400390625
2020-01-08,9792.2001953125
2020-01-09,9943.900390625
2020-01-10,9978.0
2020-01-13,10042.5
2020-01-14,10075.849609375
2020-01-15,10087.0498046875
2020-01-16,10110.0498046875
2020-01-17,10118.7001953125
2020-01-20,10025.7001953125
2020-01-21,9987.5498046875
2020-01-22,9947.0
2020-01-23,10021.400390625
2020-01-24,10083.7001953125
2020-01-27,9999.599609375
2020-01-28,9956.9501953125
2020-01-29,10009.2998046875
2020-01-30,9919.2001953125
2020-01-31,9861.4501953125
2020-02-03,9650.5498046875
2020-02-04,9853.0498046875
2020-02-05,9951.349609375
2020-02-06,10004.2001953125
2020-02-07,10000.75
2020-02-10,9945.650390625
2020-02-11,9987.0498046875
2020-02-12,10037.099609375
2020-02-13,10017.75
2020-02-14,9961.0498046875
2020-02-17,9891.0
2020-02-18,9845.5498046875
2020-02-19,9970.5
2020-02-20,9958.650390625
2020-02-24,9758.2001953125
2020-02-25,9724.7001953125
2020-02-26,9622.7001953125
2020-02-27,9579.349609375
2020-02-28,9236.0498046875
2020-03-02,9178.7998046875
2020-03-03,9324.2998046875
2020-03-04,9258.25
2020-03-05,9280.150390625
2020-03-06,9059.9501953125
2020-03-09,8631.349609375
2020-03-11,8618.0498046875
2020-03-12,7901.35009765625
2020-03-13,8163.0
2020-03-16,7591.89990234375
2020-03-17,7417.64990234375
2020-03-18,7010.5498046875
2020-03-19,6807.2001953125
2020-03-20,7160.10009765625
2020-03-23,6243.0
2020-03-24,6365.4501953125
2020-03-25,6724.0
2020-03-26,6993.85009765625
2020-03-27,7003.2998046875
2020-03-30,6749.2001953125
2020-03-31,6996.75
2020-04-01,6761.9501953125
2020-04-03,6638.4501953125
2020-04-07,7149.0
2020-04-08,7161.4501953125
2020-04-09,7441.64990234375
2020-04-13,7360.35009765625
2020-04-15,7344.35009765625
2020-04-16,7412.2998046875
2020-04-17,7614.39990234375
2020-04-20,7614.60009765625
2020-04-21,7395.85009765625
2020-04-22,7533.7998046875
2020-04-23,7625.2998046875
2020-04-24,7493.4501953125
2020-04-27,7603.9501953125
2020-04-28,7672.4501953125
2020-04-29,7797.2001953125
2020-04-30,8012.89990234375
2020-05-04,7596.89990234375
2020-05-05,7523.0498046875
2020-05-06,7575.5
2020-05-07,7520.85009765625
2020-05-08,7552.0
2020-05-11,7556.39990234375
2020-05-12,7520.89990234375
2020-05-13,7667.0
2020-05-14,7514.5498046875
2020-05-15,7504.0498046875
2020-05-18,7245.25
2020-05-19,7284.5
2020-05-20,7426.85009765625
2020-05-21,7470.60009765625
2020-05-22,7416.0
2020-05-26,7424.5
2020-05-27,7595.5498046875
2020-05-28,7732.25
2020-05-29,7822.39990234375
2020-06-01,8020.10009765625
2020-06-02,8137.4501953125
2020-06-03,8203.0
2020-06-04,8185.89990234375
2020-06-05,8299.349609375
2020-06-08,8323.9501953125
2020-06-09,8238.099609375
2020-06-10,8293.349609375
2020-06-11,8137.0
2020-06-12,8196.400390625
2020-06-15,8086.4501953125
2020-06-16,8152.2998046875
2020-06-17,8140.4501953125
2020-06-18,8283.650390625
2020-06-19,8403.400390625
2020-06-22,8486.4501953125
2020-06-23,8621.099609375
2020-06-24,8496.25
2020-06-25,8499.900390625
2020-06-26,8559.0
2020-06-29,8488.0498046875
2020-06-30,8474.7998046875
2020-07-01,8554.75
2020-07-02,8647.849609375
2020-07-03,8696.25
2020-07-06,8815.7001953125
2020-07-07,8850.2998046875
2020-07-08,8785.0
2020-07-09,8851.5
2020-07-10,8813.9501953125
2020-07-13,8834.2001953125
2020-07-14,8693.349609375
2020-07-15,8689.849609375
2020-07-16,8766.599609375
2020-07-17,8895.2998046875
2020-07-20,8985.099609375
2020-07-21,9070.599609375
2020-07-22,9046.599609375
2020-07-23,9114.0498046875
2020-07-24,9085.9501953125
2020-07-27,9024.900390625
2020-07-28,9141.75
2020-07-29,9096.099609375
2020-07-30,9031.7001953125
2020-07-31,9035.75
2020-08-03,8932.0498046875
2020-08-04,9074.9501953125
2020-08-05,9088.75
2020-08-06,9169.099609375
2020-08-07,9198.650390625
2020-08-10,9268.5498046875
2020-08-11,9291.0
2020-08-12,9284.7998046875
2020-08-13,9307.849609375
2020-08-14,9214.400390625
2020-08-17,9267.900390625
2020-08-18,9382.0498046875
2020-08-19,9412.5498046875
2020-08-20,9368.75
2020-08-21,9423.5498046875
2020-08-24,9498.349609375
2020-08-25,9509.25
2020-08-26,9567.150390625
2020-08-27,9580.7001953125
2020-08-28,9641.0498046875
2020-08-31,9372.0498046875
2020-09-01,9442.25
2020-09-02,9518.400390625
2020-09-03,9534.650390625
2020-09-04,9377.9501953125
2020-09-07,9379.099609375
2020-09-08,9329.849609375
2020-09-09,9290.2001953125
2020-09-10,9420.25
2020-09-11,9446.400390625
2020-09-14,9493.2998046875
2020-09-15,9573.349609375
2020-09-16,9632.5
2020-09-17,9566.75
2020-09-18,9559.5
2020-09-21,9313.0
2020-09-22,9213.900390625
2020-09-23,9194.349609375
2020-09-24,8944.75
2020-09-25,9156.099609375
2020-09-28,9330.25
2020-09-29,9319.7001953125
2020-09-30,9341.75
2020-10-01,9461.7001953125
2020-10-05,9516.2998046875
2020-10-06,9622.349609375
2020-10-07,9654.5
2020-10-08,9711.7998046875
2020-10-09,9750.150390625
2020-10-12,9745.349609375
2020-10-13,9736.4501953125
2020-10-14,9763.400390625
2020-10-15,9550.0498046875
2020-10-16,9626.25
2020-10-19,9709.2998046875
2020-10-20,9733.0
2020-10-21,9756.599609375
2020-10-22,9745.0498046875
2020-10-23,9780.349609375
2020-10-26,9647.650390625
2020-10-27,9748.2998046875
2020-10-28,9632.349609375
2020-10-29,9593.400390625
2020-10-30,9581.650390625
2020-11-02,9595.9501953125
2020-11-03,9696.2998046875
2020-11-04,9764.599609375
2020-11-05,9935.349609375
2020-11-06,10033.5
2020-11-09,10176.349609375
2020-11-10,10269.0
2020-11-11,10356.5
2020-11-12,10342.7001953125
2020-11-13,10387.2001953125
2020-11-17,10524.0
2020-11-18,10588.349609375
2020-11-19,10477.5
2020-11-20,10560.5498046875
2020-11-23,10635.9501953125
2020-11-24,10733.599609375
2020-11-25,10574.9501953125
2020-11-26,10674.0498046875
2020-11-27,10719.0498046875
2020-12-01,10835.150390625
2020-12-02,10858.150390625
2020-12-03,10893.599609375
2020-12-04,10978.849609375
2020-12-07,11070.25
2020-12-08,11088.650390625
2020-12-09,11181.2001953125
2020-12-10,11141.349609375
2020-12-11,11171.400390625
2020-12-14,11215.25
2020-12-15,11223.900390625
2020-12-16,11320.099609375
2020-12-17,11346.349609375
2020-12-18,11355.0
2020-12-21,10964.25
2020-12-22,11075.75
2020-12-23,11225.5498046875
2020-12-24,11325.25
2020-12-28,11434.7001953125
2020-12-29,11467.0
2020-12-30,11509.650390625
2020-12-31,11518.2998046875
2021-01-04,11691.7998046875
2021-01-05,11767.0
2021-01-06,11737.900390625
2021-01-07,11766.099609375
2021-01-08,11925.599609375
2021-01-11,12006.5
2021-01-12,12058.349609375
2021-01-13,12041.099609375
2021-01-14,12069.5
2021-01-15,11931.2001953125
2021-01-18,11776.2001953125
2021-01-19,11981.849609375
2021-01-20,12078.349609375
2021-01-21,12015.9501953125
2021-01-22,11854.5
2021-01-25,11743.7001953125
2021-01-27,11546.349609375
2021-01-28,11442.5498046875
2021-01-29,11302.400390625
2021-02-01,11770.150390625
2021-02-02,12053.25
2021-02-03,12174.0498046875
2021-02-04,12285.849609375
2021-02-05,12279.849609375
2021-02-08,12441.2998046875
2021-02-09,12434.2001953125
2021-02-10,12452.4501953125
2021-02-11,12514.099609375
2021-02-12,12508.5498046875
2021-02-15,12632.0498046875
2021-02-16,12647.2001953125
2021-02-17,12597.4501953125
2021-02-18,12565.7001953125
2021-02-19,12438.7998046875
2021-02-22,12212.5498046875
2021-02-23,12263.7001953125
2021-02-24,12455.2001953125
2021-02-25,12567.849609375
2021-02-26,12181.400390625
2021-03-01,12368.2998046875
2021-03-02,12519.400390625
2021-03-03,12764.7998046875
2021-03-04,12688.849609375
2021-03-05,12539.0
2021-03-08,12558.9501953125
2021-03-09,12617.2001953125
2021-03-10,12691.349609375
2021-03-12,12593.900390625
2021-03-15,12510.150390625
2021-03-16,12512.7001953125
2021-03-17,12319.900390625
2021-03-18,12174.4501953125
2021-03-19,12314.5
2021-03-22,12338.599609375
2021-03-23,12417.2998046875
2021-03-24,12197.2001953125
2021-03-25,11993.2998046875
2021-03-26,12148.900390625
2021-03-30,12387.900390625
2021-03-31,12313.7001953125
2021-04-01,12479.0
2021-04-05,12298.599609375
2021-04-06,12358.099609375
2021-04-07,12481.2998046875
2021-04-08,12541.650390625
2021-04-09,12527.400390625
2021-04-12,12024.099609375
2021-04-13,12186.7001953125
2021-04-15,12237.599609375
2021-04-16,12298.0498046875
2021-04-19,12076.4501953125
2021-04-20,12055.400390625
2021-04-22,12132.0498046875
2021-04-23,12105.599609375
2021-04-26,12216.849609375
2021-04-27,12362.5498046875
2021-04-28,12517.9501953125
2021-04-29,12532.7998046875
2021-04-30,12364.349609375
2021-05-03,12395.25
2021-05-04,12300.4501953125
2021-05-05,12413.0
2021-05-06,12501.900390625
2021-05-07,12563.099609375
2021-05-10,12669.900390625
2021-05-11,12642.25
2021-05-12,12537.9501953125
2021-05-14,12472.150390625
2021-05-17,12672.099609375
2021-05-18,12839.099609375
2021-05-19,12809.0
2021-05-20,12736.4501953125
2021-05-21,12917.849609375
2021-05-24,12962.4501953125
2021-05-25,12963.0
2021-05-26,13022.2001953125
2021-05-27,13066.25
2021-05-28,13117.0498046875
2021-05-31,13226.349609375
2021-06-01,13210.400390625
2021-06-02,13274.25
2021-06-03,13380.5
2021-06-04,13393.900390625
2021-06-07,13479.650390625
2021-06-08,13496.5498046875
2021-06-09,13396.400390625
2021-06-10,13517.2001953125
2021-06-11,13563.849609375
2021-06-14,13554.150390625
2021-06-15,13607.7998046875
2021-06-16,13510.599609375
2021-06-17,13425.150390625
2021-06-18,13386.5498046875
2021-06-21,13456.099609375
2021-06-22,13491.099609375
2021-06-23,13423.349609375
2021-06-24,13468.25
2021-06-25,13539.400390625
2021-06-28,13533.0498046875
2021-06-29,13481.9501953125
2021-06-30,13473.5498046875
2021-07-01,13454.099609375
2021-07-02,13494.4501953125
2021-07-05,13585.75
2021-07-06,13574.150390625
2021-07-07,13631.0
2021-07-08,13532.7001953125
2021-07-09,13527.9501953125
2021-07-12,13549.0
2021-07-13,13628.849609375
2021-07-14,13661.099609375
2021-07-15,13720.349609375
2021-07-16,13742.349609375
2021-07-19,13619.849609375
2021-07-20,13495.599609375
2021-07-22,13670.2001953125
2021-07-23,13687.0
2021-07-26,13675.099609375
2021-07-27,13610.2998046875
2021-07-28,13579.150390625
2021-07-29,13643.75
2021-07-30,13664.25
2021-08-02,13783.7001953125
2021-08-03,13939.2001953125
2021-08-04,13969.349609375
2021-08-05,13981.5498046875
2021-08-06,13954.650390625
2021-08-09,13935.0498046875
2021-08-10,13892.75
2021-08-11,13876.5498046875
2021-08-12,13971.9501953125
2021-08-13,14065.2998046875
2021-08-16,14070.7998046875
2021-08-17,14113.099609375
2021-08-18,14095.5498046875
2021-08-20,13943.9501953125
2021-08-23,13930.5498046875
2021-08-24,14063.25
2021-08-25,14093.599609375
2021-08-26,14106.9501953125
2021-08-27,14192.5
2021-08-30,14397.900390625
2021-08-31,14555.900390625
2021-09-01,14551.349609375
2021-09-02,14684.349609375
2021-09-03,14759.2998046875
2021-09-06,14805.849609375
2021-09-07,14784.25
2021-09-08,14803.599609375
2021-09-09,14836.4501953125
2021-09-13,14852.2001953125
2021-09-14,14904.349609375
2021-09-15,15020.5498046875
2021-09-16,15104.900390625
2021-09-17,15027.25
2021-09-20,14826.75
2021-09-21,14946.2998046875
2021-09-22,14990.5498046875
2021-09-23,15205.4501953125
2021-09-24,15191.9501953125
2021-09-27,15189.0498046875
2021-09-28,15095.599609375
2021-09-29,15086.9501953125
2021-09-30,15052.650390625
2021-10-01,15013.9501953125
2021-10-04,15181.150390625
2021-10-05,15280.099609375
2021-10-06,15134.5498046875
2021-10-07,15290.150390625
2021-10-08,15365.2001953125
2021-10-11,15428.0
2021-10-12,15481.900390625
2021-10-13,15631.400390625
2021-10-14,15769.25
2021-10-18,15886.150390625
2021-10-19,15757.849609375
2021-10-20,15568.650390625
2021-10-21,15487.650390625
2021-10-22,15399.7001953125
2021-10-25,15334.349609375
2021-10-26,15499.650390625
2021-10-27,15484.349609375
2021-10-28,15190.849609375
2021-10-29,15086.900390625
2021-11-01,15302.7001953125
2021-11-02,15314.650390625
2021-11-03,15282.75
2021-11-04,15376.900390625
2021-11-08,15520.150390625
2021-11-09,15541.9501953125
2021-11-10,15521.099609375
2021-11-11,15411.099609375
2021-11-12,15579.0
2021-11-15,15592.599609375
2021-11-16,15525.400390625
2021-11-17,15454.9501953125
2021-11-18,15302.5498046875
2021-11-22,14976.7001953125
2021-11-23,15107.7998046875
2021-11-24,15046.5
2021-11-25,15150.599609375
2021-11-26,14707.2001953125
2021-11-29,14656.4501953125
2021-11-30,14648.349609375
2021-12-01,14784.7001953125
2021-12-02,14973.9501953125
2021-12-03,14856.2998046875
2021-12-06,14618.349609375
2021-12-07,14834.5
2021-12-08,15073.25
2021-12-09,15126.599609375
2021-12-10,15155.0
2021-12-13,15064.25
2021-12-14,15043.25
2021-12-15,14953.099609375
2021-12-16,14936.4501953125
2021-12-17,14673.150390625
2021-12-20,14300.7001953125
2021-12-21,14461.400390625
2021-12-22,14639.75
2021-12-23,14751.4501953125
2021-12-24,14664.7998046875
2021-12-27,14727.599609375
2021-12-28,14867.849609375
2021-12-29,14863.400390625
2021-12-30,14842.0498046875
2021-12-31,14996.2001953125
2022-01-03,15204.599609375
2022-01-04,15318.75
2022-01-05,15396.400390625
2022-01-06,15290.099609375
2022-01-07,15348.5498046875
2022-01-10,15495.5498046875
2022-01-11,15530.5498046875
2022-01-12,15667.900390625
2022-01-13,15721.0498046875
2022-01-14,15730.400390625
2022-01-17,15781.25
2022-01-18,15573.099609375
2022-01-19,15472.5
2022-01-20,15361.099609375
2022-01-21,15180.7998046875
2022-01-24,14712.0498046875
2022-01-25,14832.2001953125
2022-01-27,14679.7001953125
2022-01-28,14723.25
2022-01-31,14921.4501953125
2022-02-01,15116.2001953125
2022-02-02,15293.349609375
2022-02-03,15135.900390625
2022-02-04,15085.4501953125
2022-02-07,14870.599609375
2022-02-08,14857.0498046875
2022-02-09,15016.349609375
2022-02-10,15112.2001953125
2022-02-11,14891.2998046875
2022-02-14,14400.400390625
2022-02-15,14805.5498046875
2022-02-16,14789.900390625
2022-02-17,14772.0498046875
2022-02-18,14710.7001953125
2022-02-21,14597.099609375
2022-02-22,14489.0498046875
2022-02-23,14506.9501953125
2022-02-24,13775.7001953125
2022-02-25,14187.400390625
2022-02-28,14307.9501953125
2022-03-02,14199.7998046875
2022-03-03,14135.9501953125
2022-03-04,13893.150390625
2022-03-07,13564.25
2022-03-08,13706.75
2022-03-09,13979.599609375
2022-03-10,14189.0
2022-03-11,14237.150390625
2022-03-14,14374.599609375
2022-03-15,14215.849609375
2022-03-16,14481.7998046875
2022-03-17,14721.7001953125
2022-03-21,14602.349609375
2022-03-22,14724.0498046875
2022-03-23,14695.150390625
2022-03-24,14699.349609375
2022-03-25,14651.7001953125
2022-03-28,14675.849609375
2022-03-29,14761.900390625
2022-03-30,14896.900390625
2022-03-31,14894.5
2022-04-01,15087.2998046875
2022-04-04,15384.2001953125
2022-04-05,15390.5
2022-04-06,15327.900390625
2022-04-07,15201.25
2022-04-08,15342.400390625
2022-04-11,15325.5
2022-04-12,15164.7001953125
2022-04-13,15138.5498046875
2022-04-18,14926.0498046875
2022-04-19,14726.650390625
2022-04-20,14850.2998046875
2022-04-21,15053.9501953125
2022-04-22,14894.849609375
2022-04-25,14673.0
2022-04-26,14898.349609375
2022-04-27,14756.0
2022-04-28,14913.900390625
2022-04-29,14783.349609375
2022-05-02,14736.2998046875
2022-05-04,14393.349609375
2022-05-05,14395.5
2022-05-06,14145.75
2022-05-09,13991.75
2022-05-10,13855.9501953125
2022-05-11,13771.7998046875
2022-05-12,13465.25
2022-05-13,13471.5
2022-05-16,13571.2001953125
2022-05-17,13926.0498046875
2022-05-18,13918.2001953125
2022-05-19,13550.900390625
2022-05-20,13895.0498046875
2022-05-23,13835.7998046875
2022-05-24,13747.25
2022-05-25,13587.75
2022-05-26,13722.5498046875
2022-05-27,13873.150390625
2022-05-30,14154.7998046875
2022-05-31,14119.599609375
2022-06-01,14082.900390625
2022-06-02,14167.9501953125
2022-06-03,14077.900390625
2022-06-06,14054.099609375
2022-06-07,13935.599609375
2022-06-08,13886.900390625
2022-06-09,13977.099609375
2022-06-10,13781.75
2022-06-13,13416.900390625
2022-06-14,13388.2998046875
2022-06-15,13380.849609375
2022-06-16,13089.2001953125
2022-06-17,12994.75
2022-06-20,12950.75
2022-06-21,13241.900390625
2022-06-22,13047.75
2022-06-23,13178.7998046875
2022-06-24,13322.5
2022-06-27,13444.5498046875
2022-06-28,13464.25
2022-06-29,13417.849609375
2022-06-30,13387.5498046875
2022-07-01,13394.4501953125
2022-07-04,13472.650390625
2022-07-05,13461.849609375
2022-07-06,13631.2998046875
2022-07-07,13765.599609375
2022-07-08,13828.25
2022-07-11,13886.849609375
2022-07-12,13779.0
2022-07-13,13726.9501953125
2022-07-14,13702.650390625
2022-07-15,13790.2001953125
2022-07-18,13984.400390625
2022-07-19,14051.650390625
2022-07-20,14164.400390625
2022-07-21,14271.7998046875
2022-07-22,14336.599609375
2022-07-25,14279.5
2022-07-26,14141.4501953125
2022-07-27,14262.5498046875
2022-07-28,14469.099609375
2022-07-29,14665.650390625
2022-08-01,14846.849609375
2022-08-02,14876.599609375
2022-08-03,14878.0498046875
2022-08-04,14892.4501953125
2022-08-05,14900.400390625
2022-08-08,14993.349609375
2022-08-10,14985.7998046875
2022-08-11,15095.150390625
2022-08-12,15140.5498046875
2022-08-16,15280.5
2022-08-17,15379.0498046875
2022-08-18,15404.599609375
2022-08-19,15236.650390625
2022-08-22,15001.75
2022-08-23,15090.5
2022-08-24,15140.400390625
2022-08-25,15100.650390625
2022-08-26,15147.5498046875
2022-08-29,14972.75
2022-08-30,15325.0498046875
2022-09-01,15211.2001953125
2022-09-02,15201.599609375
2022-09-05,15294.400390625
2022-09-06,15313.0498046875
2022-09-07,15319.400390625
2022-09-08,15440.7001953125
2022-09-09,15467.400390625
2022-09-12,15577.400390625
2022-09-13,15669.849609375
2022-09-14,15630.7001953125
2022-09-15,15580.349609375
2022-09-16,15243.9501953125
2022-09-19,15293.5498046875
2022-09-20,15470.349609375
2022-09-21,15361.25
2022-09-22,15335.2998046875
2022-09-23,15057.650390625
2022-09-26,14725.7001953125
2022-09-27,14727.2998046875
2022-09-28,14620.599609375
2022-09-29,14602.5
2022-09-30,14829.349609375
2022-10-03,14638.5
2022-10-04,14965.7998046875
2022-10-06,15053.0498046875
2022-10-07,15036.7001953125
2022-10-10,14951.650390625
2022-10-11,14721.900390625
2022-10-12,14829.9501953125
2022-10-13,14730.2998046875
2022-10-14,14815.099609375
2022-10-17,14906.150390625
2022-10-18,15056.5498046875
2022-10-19,15068.599609375
2022-10-20,15112.099609375
2022-10-21,15081.099609375
2022-10-24,15198.75
2022-10-25,15158.099609375
2022-10-27,15244.25
2022-10-28,15241.599609375
2022-10-31,15424.0
2022-11-01,15537.400390625
2022-11-02,15497.5498046875
2022-11-03,15484.7001953125
2022-11-04,15530.849609375
2022-11-07,15615.150390625
2022-11-09,15567.25
2022-11-10,15440.0
2022-11-11,15649.099609375
2022-11-14,15650.2001953125
2022-11-15,15693.900390625
2022-11-16,15663.2998046875
2022-11-17,15597.25
2022-11-18,15550.849609375
2022-11-21,15453.7998046875
2022-11-22,15509.2001953125
2022-11-23,15538.150390625
2022-11-24,15680.7998046875
2022-11-25,15727.25
2022-11-28,15784.4501953125
2022-11-29,15812.4501953125
2022-11-30,15946.150390625
2022-12-01,16003.9501953125
2022-12-02,15963.5
2022-12-05,15967.2001953125
2022-12-06,15922.849609375
2022-12-07,15862.0
2022-12-08,15911.099609375
2022-12-09,15812.75
2022-12-12,15828.0
2022-12-13,15904.5
2022-12-14,15963.7998046875
2022-12-15,15783.7998046875
2022-12-16,15636.349609375
2022-12-19,15755.2001953125
2022-12-20,15726.2001953125
2022-12-21,15527.5498046875
2022-12-22,15431.5
2022-12-23,15046.0
2022-12-27,15418.349609375
2022-12-28,15432.7998046875
2022-12-29,15485.2001953125
2022-12-30,15448.849609375
2023-01-02,15523.650390625
2023-01-03,15557.7998046875
2023-01-04,15393.0
2023-01-05,15386.2001953125
2023-01-06,15272.0
2023-01-09,15450.099609375
2023-01-10,15325.25
2023-01-11,15301.349609375
2023-01-12,15279.599609375
2023-01-13,15346.099609375
2023-01-16,15305.4501953125
2023-01-17,15396.150390625
2023-01-18,15466.349609375
2023-01-19,15419.7001953125
2023-01-20,15347.900390625
2023-01-23,15403.2001953125
2023-01-24,15388.5498046875
2023-01-25,15171.9501953125
2023-01-27,14874.75
2023-01-30,14854.2001953125
2023-01-31,14935.5
2023-02-01,14847.650390625
2023-02-02,14839.400390625
2023-02-03,14962.349609375
2023-02-06,14934.150390625
2023-02-07,14902.2001953125
2023-02-08,15028.2998046875
2023-02-09,15030.099609375
2023-02-10,15015.849609375
2023-02-13,14900.5
2023-02-14,14968.900390625
2023-02-15,15039.650390625
2023-02-16,15083.75
2023-02-17,15003.9501953125
2023-02-20,14938.650390625
2023-02-21,14913.9501953125
2023-02-22,14701.900390625
2023-02-23,14666.75
2023-02-24,14630.4501953125
2023-02-27,14548.7001953125
2023-02-28,14518.75
2023-03-01,14664.849609375
2023-03-02,14587.25
2023-03-03,14774.75
2023-03-06,14881.0
2023-03-08,14921.9501953125
2023-03-09,14803.9501953125
2023-03-10,14679.849609375
2023-03-13,14454.4501953125
2023-03-14,14358.5498046875
2023-03-15,14320.2998046875
2023-03-16,14330.349609375
2023-03-17,14420.849609375
2023-03-20,14317.099609375
2023-03-21,14411.2998046875
2023-03-22,14460.0
2023-03-23,14403.599609375
2023-03-24,14279.0
2023-03-27,14262.7001953125
2023-03-28,14211.7998046875
2023-03-29,14345.599609375
2023-03-31,14557.849609375
2023-04-03,14601.9501953125
2023-04-05,14709.400390625
2023-04-06,14759.2001953125
2023-04-10,14790.5498046875
2023-04-11,14867.25
2023-04-12,14941.5498046875
2023-04-13,14954.25
2023-04-17,14904.2998046875
2023-04-18,14897.0
2023-04-19,14856.900390625
2023-04-20,14861.75
2023-04-21,14847.099609375
2023-04-24,14930.150390625
2023-04-25,14955.7001953125
2023-04-26,14994.400390625
2023-04-27,15075.0498046875
2023-04-28,15219.5498046875
2023-05-02,15300.75
2023-05-03,15276.400390625
2023-05-04,15405.5
2023-05-05,15278.599609375
2023-05-08,15427.099609375
2023-05-09,15420.599609375
2023-05-10,15466.0498046875
2023-05-11,15484.0498046875
2023-05-12,15477.349609375
2023-05-15,15549.7001953125
2023-05-16,15492.400390625
2023-05-17,15426.349609375
2023-05-18,15361.599609375
2023-05-19,15407.5498046875
2023-05-22,15504.0
2023-05-23,15544.75
2023-05-24,15515.9501953125
2023-05-25,15555.25
2023-05-26,15696.75
2023-05-29,15772.349609375
2023-05-30,15799.4501953125
2023-05-31,15766.400390625
2023-06-01,15760.349609375
2023-06-02,15811.2001953125
2023-06-05,15859.5
2023-06-06,15878.400390625
2023-06-07,16006.7001953125
2023-06-08,15921.0498046875
2023-06-09,15877.400390625
2023-06-12,15929.099609375
2023-06-13,16048.2001953125
2023-06-14,16084.0498046875
2023-06-15,16058.25
2023-06-16,16181.4501953125
2023-06-19,16142.150390625
2023-06-20,16199.9501953125
2023-06-21,16240.9501953125
2023-06-22,16140.7998046875
2023-06-23,16011.7998046875
2023-06-26,16066.150390625
2023-06-27,16163.5
2023-06-28,16277.2001953125
2023-06-30,16430.0
2023-07-03,16527.94921875
2023-07-04,16556.05078125
2023-07-05,16597.19921875
2023-07-06,16695.05078125
2023-07-07,16564.900390625
2023-07-10,16553.75
2023-07-11,16648.0
2023-07-12,16641.05078125
2023-07-13,16623.900390625
2023-07-14,16765.44921875
2023-07-17,16872.05078125
2023-07-18,16872.0
2023-07-19,16953.5
2023-07-20,17042.55078125
2023-07-21,16904.30078125
2023-07-24,16865.150390625
2023-07-25,16896.900390625
2023-07-26,16975.0
2023-07-27,16919.19921875
2023-07-28,16948.349609375
2023-07-31,17059.0
2023-08-01,17051.150390625
2023-08-02,16858.94921875
2023-08-03,16772.30078125
2023-08-04,16890.599609375
2023-08-07,16956.349609375
2023-08-08,16949.25
2023-08-09,17003.849609375
2023-08-10,16939.849609375
2023-08-11,16860.150390625
2023-08-14,16825.55078125
2023-08-16,16853.05078125
2023-08-17,16802.25
2023-08-18,16757.69921875
2023-08-21,16852.05078125
2023-08-22,16905.25
2023-08-23,16950.25
2023-08-24,16930.150390625
2023-08-25,16820.849609375
2023-08-28,16875.30078125
2023-08-29,16927.30078125
2023-08-30,16968.94921875
2023-08-31,16924.30078125
2023-09-01,17074.55078125
2023-09-04,17180.94921875
2023-09-05,17252.099609375
2023-09-06,17284.599609375
2023-09-07,17385.5
2023-09-08,17487.44921875
2023-09-11,17653.349609375
2023-09-12,17460.55078125
2023-09-13,17526.75
2023-09-14,17603.5
2023-09-15,17665.80078125
2023-09-18,17613.599609375
2023-09-20,17449.349609375
2023-09-21,17303.5
2023-09-22,17260.80078125
2023-09-25,17272.55078125
2023-09-26,17276.75
2023-09-27,17341.599609375
2023-09-28,17170.44921875
2023-09-29,17292.599609375
2023-10-03,17254.400390625
2023-10-04,17123.099609375
2023-10-05,17195.80078125
2023-10-06,17293.599609375
2023-10-09,17127.69921875
2023-10-10,17303.349609375
2023-10-11,17407.349609375
2023-10-12,17419.69921875
2023-10-13,17390.349609375
2023-10-16,17393.0
2023-10-17,17467.69921875
2023-10-18,17344.0
2023-10-19,17310.5
2023-10-20,17208.75
2023-10-23,16888.69921875
2023-10-25,16760.80078125
2023-10-26,16555.44921875
2023-10-27,16765.44921875
2023-10-30,16826.099609375
2023-10-31,16801.099609375
2023-11-01,16732.94921875
2023-11-02,16890.80078125
2023-11-03,17000.94921875
2023-11-06,17159.400390625
2023-11-07,17187.80078125
2023-11-08,17259.69921875
2023-11-09,17218.900390625
2023-11-10,17256.599609375
2023-11-13,17318.599609375
2023-11-15,17508.05078125
2023-11-16,17593.099609375
2023-11-17,17600.5
2023-11-20,17573.650390625
2023-11-21,17627.599609375
2023-11-22,17627.69921875
2023-11-23,17639.400390625
2023-11-24,17643.5
2023-11-28,17741.80078125
2023-11-29,17904.099609375
2023-11-30,17987.94921875
2023-12-01,18115.349609375
2023-12-04,18448.5
2023-12-05,18588.55078125
2023-12-06,18680.0
2023-12-07,18703.849609375
2023-12-08,18703.5
2023-12-11,18770.19921875
2023-12-12,18686.80078125
2023-12-13,18751.44921875
2023-12-14,18973.849609375
2023-12-15,19145.05078125
2023-12-18,19155.55078125
2023-12-19,19169.25
2023-12-20,18779.44921875
2023-12-21,18941.80078125
2023-12-22,19054.69921875
2023-12-26,19148.849609375
2023-12-27,19296.94921875
2023-12-28,19399.25
2023-12-29,19429.150390625
2024-01-02,19418.400390625
2024-01-03,19367.150390625
2024-01-04,19541.25
2024-01-05,19590.599609375
2024-01-08,19417.69921875
2024-01-09,19459.55078125
2024-01-10,19517.849609375
2024-01-11,19584.349609375
2024-01-12,19745.599609375
2024-01-15,19885.55078125
2024-01-16,19827.55078125
2024-01-17,19487.599609375
2024-01-18,19414.80078125
2024-01-19,19606.400390625
2024-01-23,19206.44921875
2024-01-24,19451.0
2024-01-25,19393.0
2024-01-29,19711.650390625
2024-01-30,19574.19921875
2024-01-31,19802.099609375
2024-02-01,19777.349609375
2024-02-02,19910.80078125
2024-02-05,19853.5
2024-02-06,20033.75
2024-02-07,20109.55078125
2024-02-08,19987.55078125
2024-02-09,19961.5
2024-02-12,19675.19921875
2024-02-13,19782.900390625
2024-02-14,19922.30078125
2024-02-15,20037.0
2024-02-16,20164.900390625
2024-02-20,20271.900390625
2024-02-21,20128.30078125
2024-02-22,20283.94921875
2024-02-23,20313.5
2024-02-26,20255.80078125
2024-02-27,20292.849609375
2024-02-28,20020.400390625
2024-02-29,20090.05078125
2024-03-01,20349.80078125
2024-03-04,20432.05078125
2024-03-05,20382.0
2024-03-06,20379.55078125
2024-03-07,20434.80078125
2024-03-11,20288.75
2024-03-12,20171.400390625
2024-03-13,19646.30078125
2024-03-14,19916.349609375
2024-03-15,19825.19921875
2024-03-18,19843.099609375
2024-03-19,19610.55078125
2024-03-20,19632.05078125
2024-03-21,19897.400390625
2024-03-22,19994.599609375
2024-03-26,20005.25
2024-03-27,20087.80078125
2024-03-28,20255.150390625
2024-04-01,20492.55078125
2024-04-02,20569.75
2024-04-03,20605.69921875
2024-04-04,20664.650390625
2024-04-05,20715.099609375
2024-04-08,20819.099609375
2024-04-09,20790.69921875
2024-04-10,20915.19921875
2024-04-12,20745.5
2024-04-15,20478.75
2024-04-16,20423.0
2024-04-18,20324.69921875
2024-04-19,20385.19921875
2024-04-22,20574.849609375
2024-04-23,20652.650390625
2024-04-24,20730.650390625
2024-04-25,20867.900390625
2024-04-26,20839.349609375
2024-04-29,20992.19921875
2024-04-30,20997.19921875
2024-05-02,21083.599609375
2024-05-03,20959.55078125
2024-05-06,20864.94921875
2024-05-07,20636.05078125
2024-05-08,20704.900390625
2024-05-09,20344.80078125
2024-05-10,20469.099609375
2024-05-13,20511.0
2024-05-14,20683.80078125
2024-05-15,20741.849609375
2024-05-16,20929.05078125
2024-05-17,21064.55078125
2024-05-21,21187.650390625
2024-05-22,21237.75
2024-05-23,21489.55078125
2024-05-24,21483.75
2024-05-27,21493.0
2024-05-28,21387.349609375
2024-05-29,21256.30078125
2024-05-30,21038.55078125
2024-05-31,21103.30078125
2024-06-03,21797.400390625
2024-06-04,20323.849609375
2024-06-05,21054.400390625
2024-06-06,21365.0
2024-06-07,21764.150390625
2024-06-10,21808.25
2024-06-11,21852.0
2024-06-12,21960.94921875
2024-06-13,22074.30078125
2024-06-14,22214.30078125
2024-06-18,22329.599609375
2024-06-19,22224.900390625
2024-06-20,22305.099609375
2024-06-21,22236.19921875
2024-06-24,22289.099609375
2024-06-25,22370.650390625
2024-06-26,22436.80078125
2024-06-27,22537.400390625
2024-06-28,22559.69921875
2024-07-01,22727.599609375
2024-07-02,22677.80078125
2024-07-03,22851.19921875
2024-07-04,22914.19921875
2024-07-05,22987.650390625
2024-07-08,22971.150390625
2024-07-09,23067.349609375
2024-07-10,22977.650390625
2024-07-11,23005.25
2024-07-12,23095.44921875
2024-07-15,23209.849609375
2024-07-16,23204.25
2024-07-18,23210.05078125
2024-07-19,22853.599609375
2024-07-22,22942.650390625
2024-07-23,22865.19921875
2024-07-24,22921.44921875
2024-07-25,22917.25
2024-07-26,23292.05078125
2024-07-29,23394.19921875
2024-07-30,23440.900390625
2024-07-31,23530.80078125
2024-08-01,23506.599609375
2024-08-02,23259.44921875
2024-08-05,22542.44921875
2024-08-06,22443.30078125
2024-08-07,22848.900390625
2024-08-08,22705.69921875
2024-08-09,22923.5
2024-08-12,22915.849609375
2024-08-13,22705.80078125
2024-08-14,22672.650390625
2024-08-16,23056.5
2024-08-19,23139.75
2024-08-20,23280.349609375
2024-08-21,23368.650390625
2024-08-22,23440.69921875
2024-08-23,23418.650390625
2024-08-26,23561.75
2024-08-27,23604.849609375
2024-08-28,23615.94921875
2024-08-29,23631.400390625
2024-08-30,23734.55078125
2024-09-02,23760.69921875
2024-09-03,23788.44921875
2024-09-04,23748.900390625
2024-09-05,23762.80078125
2024-09-06,23477.69921875
2024-09-09,23502.150390625
2024-09-10,23643.650390625
2024-09-11,23531.25
2024-09-12,23907.349609375
2024-09-13,23928.19921875
2024-09-16,23968.19921875
2024-09-17,23969.900390625
2024-09-18,23898.650390625
2024-09-19,23853.94921875
2024-09-20,24193.80078125
2024-09-23,24379.19921875
2024-09-24,24389.69921875
2024-09-25,24371.25
2024-09-26,24496.900390625
2024-09-27,24489.55078125
2024-09-30,24245.19921875
2024-10-01,24271.30078125
2024-10-03,23755.44921875
2024-10-04,23534.94921875
2024-10-07,23181.94921875
2024-10-08,23512.55078125
2024-10-09,23599.599609375
2024-10-10,23598.150390625
2024-10-11,23611.25
2024-10-14,23727.05078125
2024-10-15,23735.69921875
2024-10-16,23673.150390625
2024-10-17,23377.0
2024-10-18,23440.69921875
2024-10-21,23263.25
2024-10-22,22814.44921875
2024-10-23,22841.099609375
2024-10-24,22787.849609375
2024-10-25,22499.05078125
2024-10-28,22649.94921875
2024-10-29,22795.05078125
2024-10-30,22749.80078125
2024-10-31,22689.349609375
2024-11-01,22823.55078125
2024-11-04,22518.30078125
2024-11-05,22679.849609375
2024-11-06,23031.19921875
2024-11-07,22806.25
2024-11-08,22645.650390625
2024-11-11,22591.400390625
2024-11-12,22331.05078125
2024-11-13,21914.94921875
2024-11-14,21963.099609375
2024-11-18,21899.400390625
2024-11-19,22004.349609375
2024-11-21,21820.849609375
2024-11-22,22225.55078125
2024-11-25,22553.5
2024-11-26,22562.44921875
2024-11-27,22691.69921875
2024-11-28,22514.349609375
2024-11-29,22687.0
2024-12-02,22835.849609375
2024-12-03,23020.849609375
2024-12-04,23099.5
2024-12-05,23277.94921875
2024-12-06,23312.099609375
2024-12-09,23292.0
2024-12-10,23314.900390625
2024-12-11,23358.150390625
2024-12-12,23256.400390625
2024-12-13,23358.94921875
2024-12-16,23352.44921875
2024-12-17,23095.75
2024-12-18,22934.400390625
2024-12-19,22752.150390625
2024-12-20,22319.400390625
2024-12-23,22412.30078125
2024-12-24,22402.69921875
2024-12-26,22430.349609375
2024-12-27,22445.19921875
2024-12-30,22357.150390625
2024-12-31,22375.400390625
2025-01-02,22819.75
2025-01-03,22708.150390625
2025-01-06,22225.400390625
2025-01-07,22341.650390625
2025-01-08,22231.80078125
2025-01-09,22046.55078125
2025-01-10,21799.0
2025-01-13,21243.44921875
2025-01-14,21481.05078125
2025-01-15,21551.19921875
2025-01-16,21714.55078125
2025-01-17,21680.25
2025-01-20,21809.0
2025-01-21,21433.19921875
2025-01-22,21396.55078125
2025-01-23,21538.05078125
2025-01-24,21318.900390625
2025-01-27,20910.94921875
2025-01-28,20924.75
2025-01-29,21245.5
2025-01-30,21297.5
2025-01-31,21580.900390625
2025-02-03,21402.55078125
2025-02-04,21727.44921875
2025-02-05,21784.25
2025-02-06,21672.44921875
2025-02-07,21646.150390625
2025-02-10,21371.30078125
2025-02-11,20950.44921875
2025-02-12,20907.849609375
2025-02-13,20904.349609375
2025-02-14,20633.099609375
2025-02-17,20652.349609375
2025-02-18,20611.400390625
2025-02-19,20731.44921875
2025-02-20,20831.099609375
2025-02-21,20690.25
2025-02-24,20468.44921875
2025-02-25,20418.75
2025-02-27,20315.55078125
2025-02-28,19880.900390625
2025-03-03,19896.94921875
2025-03-04,19917.849609375
2025-03-05,20256.5
2025-03-06,20447.099609375
2025-03-07,20443.400390625
2025-03-10,20266.5
2025-03-11,20302.5
2025-03-12,20264.349609375
2025-03-13,20176.05078125
2025-03-17,20288.30078125
2025-03-18,20657.19921875
2025-03-19,20864.5
2025-03-20,21070.05078125
2025-03-21,21273.900390625
2025-03-24,21538.099609375
2025-03-25,21437.75
2025-03-26,21275.44921875
2025-03-27,21407.94921875
2025-03-28,21339.55078125
2025-04-01,21070.75
2025-04-02,21265.650390625
2025-04-03,21243.400390625
2025-04-04,20805.349609375
2025-04-07,20105.69921875
2025-04-08,20480.80078125
2025-04-09,20356.75
2025-04-11,20752.849609375
2025-04-15,21279.400390625
2025-04-16,21404.349609375
2025-04-17,21681.55078125
2025-04-21,22005.75
2025-04-22,22085.150390625
2025-04-23,22237.599609375
2025-04-24,22180.650390625
2025-04-25,21848.150390625
2025-04-28,22101.849609375
2025-04-29,22112.400390625
2025-04-30,22030.05078125
2025-05-02,22006.0
2025-05-05,22195.150390625
2025-05-06,21956.599609375
2025-05-07,22072.44921875
2025-05-08,21843.05078125
2025-05-09,21675.55078125
2025-05-12,22511.400390625
2025-05-13,22349.400390625
2025-05-14,22499.5
2025-05-15,22788.80078125
2025-05-16,22870.900390625
2025-05-19,22865.80078125
2025-05-20,22585.599609375
2025-05-21,22730.650390625
2025-05-22,22595.0
2025-05-23,22781.05078125
2025-05-26,22908.30078125
2025-05-27,22816.5
2025-05-28,22779.400390625
2025-05-29,22861.349609375
2025-05-30,22801.94921875
2025-06-02,22834.5
2025-06-03,22711.30078125
2025-06-04,22807.849609375
2025-06-05,22934.5
2025-06-06,23165.099609375
2025-06-09,23330.55078125
2025-06-10,23339.94921875
2025-06-11,23337.849609375
2025-06-12,23046.44921875
2025-06-13,22906.19921875
2025-06-16,23095.05078125
2025-06-17,22981.5
2025-06-18,22925.19921875
2025-06-19,22763.5
2025-06-20,23041.099609375
2025-06-23,23001.5
2025-06-24,23113.19921875
2025-06-25,23296.849609375
2025-06-26,23517.55078125
2025-06-27,23620.150390625
2025-06-30,23617.19921875
2025-07-01,23615.44921875
2025-07-02,23547.25
2025-07-03,23521.849609375
2025-07-04,23562.44921875
2025-07-07,23551.19921875
2025-07-08,23572.55078125
2025-07-09,23557.44921875
2025-07-10,23471.400390625
2025-07-11,23282.69921875
2025-07-14,23309.05078125
2025-07-15,23449.150390625
2025-07-16,23472.5
2025-07-17,23419.69921875
2025-07-18,23275.150390625
2025-07-21,23378.44921875
2025-07-22,23320.900390625
2025-07-23,23428.400390625
2025-07-24,23301.099609375
2025-07-25,23014.80078125
2025-07-28,22846.94921875
2025-07-29,23007.349609375
2025-07-30,23033.55078125
2025-07-31,22914.94921875
2025-08-01,22673.650390625
2025-08-04,22860.400390625
2025-08-05,22798.5
2025-08-06,22666.849609375
2025-08-07,22694.099609375
2025-08-08,22443.150390625
2025-08-11,22633.44921875
2025-08-12,22568.599609375
2025-08-13,22698.099609375
2025-08-14,22680.25
2025-08-18,22931.5
2025-08-19,23066.599609375
2025-08-20,23143.150390625
2025-08-21,23137.150390625
2025-08-22,22991.30078125
2025-08-25,23052.0
2025-08-26,22768.650390625
2025-08-28,22541.650390625
2025-08-29,22462.94921875
2025-09-01,22713.55078125
2025-09-02,22724.400390625
2025-09-03,22864.650390625
2025-09-04,22819.650390625
2025-09-05,22829.150390625
2025-09-08,22878.650390625
2025-09-09,22949.099609375
2025-09-10,23074.150390625
2025-09-11,23102.650390625
2025-09-12,23190.25
2025-09-15,23215.849609375
2025-09-16,23369.30078125
2025-09-17,23445.19921875
2025-09-18,23518.900390625
2025-09-19,23486.650390625
2025-09-22,23381.44921875
2025-09-23,23325.25
2025-09-24,23178.25
2025-09-25,23022.400390625
2025-09-26,22713.150390625
2025-09-29,22739.099609375
2025-09-30,22734.099609375
2025-10-01,22928.30078125
2025-10-03,23027.69921875
2025-10-06,23169.650390625
2025-10-07,23209.5
2025-10-08,23109.349609375
2025-10-09,23241.75
2025-10-10,23337.55078125
2025-10-13,23294.80078125
2025-10-14,23184.05078125
2025-10-15,23377.349609375
2025-10-16,23563.80078125
2025-10-17,23598.05078125
2025-10-20,23716.099609375
2025-10-21,23759.19921875
2025-10-23,23755.900390625
2025-10-24,23686.599609375
2025-10-27,23840.900390625
2025-10-28,23812.55078125
2025-10-29,23952.400390625
2025-10-30,23841.30078125
2025-10-31,23710.400390625
2025-11-03,23810.69921875
2025-11-04,23675.44921875
2025-11-06,23513.150390625
2025-11-07,23521.5
2025-11-10,23596.900390625
2025-11-11,23682.650390625
2025-11-12,23836.900390625
2025-11-13,23816.0
2025-11-14,23836.349609375
2025-11-17,23954.55078125
2025-11-18,23824.650390625
2025-11-19,23906.30078125
2025-11-20,23975.44921875
2025-11-21,23790.25
2025-11-24,23674.55078125
2025-11-25,23655.05078125
2025-11-26,23955.19921875
2025-11-27,23947.75
2025-11-28,23933.19921875
2025-12-01,23922.44921875
2025-12-02,23822.25
2025-12-03,23716.30078125
2025-12-04,23741.099609375
2025-12-05,23835.25
2025-12-08,23526.19921875
2025-12-09,23516.25
2025-12-10,23408.80078125
2025-12-11,23550.849609375
2025-12-12,23726.19921875
2025-12-15,23725.19921875
2025-12-16,23570.150390625
2025-12-17,23496.05078125
2025-12-18,23491.5
2025-12-19,23677.55078125
2025-12-22,23867.650390625
2025-12-23,23895.150390625
2025-12-24,23850.25
2025-12-26,23780.25
2025-12-29,23682.099609375
2025-12-30,23668.80078125
2025-12-31,23871.55078125
2026-01-02,24099.0
2026-01-05,24058.44921875
2026-01-06,24010.5
2026-01-07,24016.599609375
2026-01-08,23680.099609375
2026-01-09,23467.349609375
2026-01-12,23510.44921875
2026-01-13,23480.650390625
2026-01-14,23475.849609375
2026-01-16,23485.30078125
2026-01-19,23373.75
2026-01-20,22946.650390625
2026-01-21,22835.150390625
2026-01-22,23008.75
2026-01-23,22706.19921875
2026-01-27,22819.25
2026-01-28,23082.099609375
2026-01-29,23134.80078125
2026-01-30,23079.5
2026-02-02,22837.0
2026-02-03,23446.30078125
2026-02-04,23534.94921875
2026-02-05,23411.69921875
2026-02-06,23434.0
2026-02-09,23683.400390625
2026-02-10,23753.75
2026-02-11,23783.05078125
2026-02-12,23651.55078125
2026-02-13,23313.150390625
2026-02-16,23472.44921875
2026-02-17,23540.05078125
2026-02-18,23645.80078125
2026-02-19,23297.44921875
2026-02-20,23395.0
2026-02-23,23484.94921875
2026-02-24,23304.599609375
2026-02-25,23403.80078125
2026-02-26,23448.5
2026-02-27,23166.849609375
2026-03-02,22835.94921875
2026-03-04,22409.80078125
2026-03-05,22697.80078125
2026-03-06,22481.30078125
2026-03-09,22056.55078125
2026-03-10,22342.94921875
2026-03-11,22042.30078125
2026-03-12,21897.5
2026-03-13,21391.19921875
2026-03-16,21498.80078125
2026-03-17,21669.30078125
2026-03-18,21917.400390625
2026-03-19,21225.80078125
2026-03-20,21327.900390625
2026-03-23,20664.25
2026-03-24,21067.0
2026-03-25,21478.19921875
2026-03-27,21020.150390625
2026-03-30,20528.05078125
2026-04-01,20935.150390625
2026-04-02,20938.349609375
2026-04-06,21194.05078125
2026-04-07,21296.44921875
2026-04-08,22137.099609375
2026-04-09,22037.5
2026-04-10,22346.75
2026-04-13,22179.05078125
2026-04-15,22595.55078125
2026-04-16,22656.30078125
2026-04-17,22869.400390625
2026-04-20,22865.80078125
2026-04-21,23042.349609375
2026-04-22,22991.5
2026-04-23,22810.849609375
2026-04-24,22570.05078125
2026-04-27,22821.400390625
2026-04-28,22765.599609375
2026-04-29,22871.0
2026-04-30,22683.55078125
2026-05-04,22830.75
2026-05-05,22808.25
2026-05-06,23133.400390625
2026-05-07,23214.0
2026-05-08,23115.650390625
2026-05-11,22795.75
2026-05-12,22299.900390625
2026-05-13,22377.349609375
2026-05-14,22613.099609375
2026-05-15,22531.150390625
2026-05-18,22461.05078125
2026-05-19,22521.75
2026-05-20,22578.150390625
2026-05-21,22602.849609375
2026-05-22,22651.30078125
2026-05-25,22929.44921875
2026-05-26,22897.19921875
2026-05-27,22967.400390625
2026-05-29,22657.0
2026-06-01,22437.94921875
2026-06-02,22521.099609375
2026-06-03,22451.849609375
2026-06-04,22497.69921875
2026-06-05,22465.349609375
2026-06-08,22173.69921875
2026-06-09,22370.150390625
2026-06-10,22233.849609375
2026-06-11,22114.44921875
2026-06-12,22599.80078125
2026-06-15,22891.30078125
2026-06-16,22997.25
2026-06-17,23109.69921875
2026-06-18,23206.44921875
2026-06-19,23144.19921875
2026-06-22,23261.849609375
2026-06-23,23010.94921875
2026-06-24,23126.30078125
2026-06-25,23113.69921875
2026-06-29,23000.0
2026-06-30,22995.650390625
2026-07-01,23111.650390625
2026-07-02,23264.80078125
2026-07-03,23301.150390625
2026-07-06,23433.94921875
