symbol,isin,company,industry
AARTIPHARM,INE0LRU01027,Aarti Pharmalabs Ltd.,Healthcare
ABFRL,INE647O01011,Aditya Birla Fashion and Retail Ltd.,Consumer Services
ABLBL,INE14LE01019,Aditya Birla Lifestyle Brands Ltd.,Consumer Services
ACI,INE128X01021,Archean Chemical Industries Ltd.,Chemicals
ADVENZYMES,INE837H01020,Advanced Enzyme Tech Ltd.,Healthcare
AEQUS,INE947N01017,Aequs Ltd.,Capital Goods
AEROFLEX,INE024001021,Aeroflex Industries Ltd.,Capital Goods
AKUMS,INE09XN01023,Akums Drugs and Pharmaceuticals Ltd.,Healthcare
ALKYLAMINE,INE150B01039,Alkyl Amines Chemicals Ltd.,Chemicals
AMAGI,INE121R01077,Amagi Media Labs Ltd.,Information Technology
APOLLO,INE713T01028,Apollo Micro Systems Ltd.,Capital Goods
ARVIND,INE034A01011,Arvind Ltd.,Textiles
ARVINDFASN,INE955V01021,Arvind Fashions Ltd.,Consumer Services
ASHAPURMIN,INE348A01023,Ashapura Minechem Ltd.,Metals & Mining
ASHOKA,INE442H01029,Ashoka Buildcon Ltd.,Construction
ASTRAMICRO,INE386C01029,Astra Microwave Products Ltd.,Capital Goods
ATLANTAELE,INE0Z4F01028,Atlanta Electricals Ltd.,Capital Goods
AURIONPRO,INE132H01018,Aurionpro Solution Ltd.,Information Technology
AVALON,INE0LCL01028,Avalon Technologies Ltd.,Capital Goods
AVL,INE679V01027,Aditya Vision Ltd.,Consumer Services
AXISCADES,INE555B01013,AXISCADES Technologies Ltd.,Capital Goods
BAJAJCON,INE933K01021,Bajaj Consumer Care Ltd.,Fast Moving Consumer Goods
BALAMINES,INE050E01027,Balaji Amines Ltd.,Chemicals
BALUFORGE,INE011E01029,Balu Forge Industries Ltd.,Capital Goods
BANCOINDIA,INE213C01025,Banco Products (India) Ltd.,Automobile and Auto Components
BECTORFOOD,INE495P01020,Mrs. Bectors Food Specialities Ltd.,Fast Moving Consumer Goods
BIRLACORPN,INE340A01012,Birla Corporation Ltd.,Construction Materials
BLACKBUCK,INE0UIZ01018,Blackbuck Ltd.,Services
BLUEJET,INE0KBH01020,Blue Jet Healthcare Ltd.,Healthcare
BLUESTONE,INE304W01038,BlueStone Jewellery and Lifestyle Ltd.,Consumer Durables
BORORENEW,INE666D01022,Borosil Renewables Ltd.,Capital Goods
CAMPUS,INE278Y01022,Campus Activewear Ltd.,Consumer Durables
CAPILLARY,INE0ILV01024,Capillary Technologies India Ltd.,Information Technology
CCAVENUE,INE483S01020,AvenuesAI Ltd.,Financial Services
CEIGALL,INE0AG901020,Ceigall India Ltd.,Construction
CELLO,INE0LMW01024,Cello World Ltd.,Consumer Durables
CENTUM,INE320B01020,Centum Electronics Ltd.,Capital Goods
CERA,INE739E01017,Cera Sanitaryware Ltd,Consumer Durables
CHALET,INE427F01016,Chalet Hotels Ltd.,Consumer Services
CMRGREEN,INE00WV01027,CMR Green Technologies Ltd.,Capital Goods
CMSINFO,INE925R01014,CMS Info Systems Ltd.,Services
CRAMC,INE218I01013,Canara Robeco Asset Management Company Ltd.,Financial Services
CSBBANK,INE679A01013,CSB Bank Ltd.,Financial Services
DATAMATICS,INE365B01017,Datamatics Global Services Ltd.,Information Technology
DBL,INE917M01012,Dilip Buildcon Ltd.,Construction
DBREALTY,INE879I01012,VALOR ESTATE Ltd.,Realty
DCBBANK,INE503A01015,DCB Bank Ltd.,Financial Services
DIACABS,INE989C01038,Diamond Power Infrastructure Ltd.,Capital Goods
DUMMYINGL1,DU1560A01023,Dummy India Glycols ltd. 1,Healthcare
DUMMYINGL2,DU2560A01023,Dummy India Glycols ltd. 2,Fast Moving Consumer Goods
DUMMYINXGN,DUM510W01014,Dummy Inox Green Ltd.,Construction
DUMMYTRVN,DUM256C01024,Dummy Triveni Ltd.,Capital Goods
DYNAMATECH,INE221B01012,Dynamatic Technologies Ltd.,Capital Goods
E2E,INE255Z01027,E2E NETWORKS Ltd.,Information Technology
EBGNG,INE18JU01028,GNG Electronics Ltd.,Information Technology
EDELWEISS,INE532F01054,Edelweiss Financial Services Ltd.,Financial Services
EIEL,INE0LLY01014,Enviro Infra Engineers Ltd.,Utilities
ELECTCAST,INE086A01029,Electrosteel Castings Ltd.,Capital Goods
ELLEN,INE236E01022,Ellenbarrie Industrial Gases Ltd.,Chemicals
EMBDL,INE069I01010,Embassy Developments Ltd.,Realty
EMIL,INE02YR01019,Electronics Mart India Ltd.,Consumer Services
ENTERO,INE010601016,Entero Healthcare Solutions Ltd.,Consumer Services
EPL,INE255A01020,EPL Ltd.,Capital Goods
EQUITASBNK,INE063P01018,Equitas Small Finance Bank Ltd.,Financial Services
ERIS,INE406M01024,Eris Lifesciences Ltd.,Healthcare
FEDFINA,INE007N01010,Fedbank Financial Services Ltd.,Financial Services
FIEMIND,INE737H01014,Fiem Industries Ltd,Automobile and Auto Components
FINPIPE,INE183A01024,Finolex Industries Ltd.,Capital Goods
GAEL,INE036B01030,Gujarat Ambuja Exports Ltd.,Fast Moving Consumer Goods
GENUSPOWER,INE955D01029,Genus Power Infrastructures Ltd.,Capital Goods
GMRP&UI,INE0CU601026,GMR Power and Urban Infra Ltd.,Power
GNFC,INE113A01013,Gujarat Narmada Valley Fertilizers and Chemicals Ltd.,Chemicals
GODREJAGRO,INE850D01014,Godrej Agrovet Ltd.,Fast Moving Consumer Goods
GOKEX,INE887G01027,Gokaldas Exports Ltd.,Textiles
GOKULAGRO,INE314T01033,Gokul Agro Resources Ltd.,Fast Moving Consumer Goods
GOLDIAM,INE025B01025,Goldiam International Ltd.,Consumer Durables
GPPL,INE517F01014,Gujarat Pipavav Port Ltd.,Services
GREAVESCOT,INE224A01026,Greaves Cotton Ltd.,Capital Goods
GRINDWELL,INE536A01023,Grindwell Norton Ltd.,Capital Goods
GRWRHITECH,INE291A01017,Garware Hi-Tech Films Ltd.,Capital Goods
GSFC,INE026A01025,Gujarat State Fertilizers & Chemicals Ltd.,Chemicals
GUJALKALI,INE186A01019,Gujarat Alkalies & Chemicals Ltd.,Chemicals
HAPPSTMNDS,INE419U01012,Happiest Minds Technologies Ltd.,Information Technology
HAPPYFORGE,INE330T01021,Happy Forgings Ltd.,Capital Goods
HCC,INE549A01026,Hindustan Construction Co. Ltd.,Construction
HCG,INE075I01017,Healthcare Global Enterprises Ltd.,Healthcare
HERITGFOOD,INE978A01027,Heritage Foods Ltd.,Fast Moving Consumer Goods
HGINFRA,INE926X01010,H.G. Infra Engineering Ltd.,Construction
ICIL,INE483B01026,Indo Count Industries Ltd.,Textiles
IFBIND,INE559A01017,IFB Industries Ltd.,Consumer Durables
IIFLCAPS,INE489L01022,IIFL Capital Services Ltd.,Financial Services
IMFA,INE919H01018,Indian Metals & Ferro Alloys Ltd.,Metals & Mining
INDGN,INE065X01017,Indegene Ltd.,Healthcare
INDIAGLYCO,INE560A01023,India Glycols Ltd.,Fast Moving Consumer Goods
INDIGOPNTS,INE09VQ01012,Indigo Paints Ltd.,Consumer Durables
IONEXCHANG,INE570A01022,Ion Exchange (India) Ltd.,Utilities
IXIGO,INE0HV901016,Le Travenues Technology Ltd.,Consumer Services
JAIBALAJI,INE091G01026,JAI BALAJI INDUSTRIES Ltd.,Metals & Mining
JAMNAAUTO,INE039C01032,Jamna Auto Industries Ltd.,Automobile and Auto Components
JAYNECOIND,INE854B01010,Jayaswal Neco Industries Ltd.,Capital Goods
JKPAPER,INE789E01012,JK Paper Ltd.,Forest Materials
JSFB,INE953L01027,Jana Small Finance Bank Ltd.,Financial Services
JSLL,INE0J5801029,Jeena Sikho Lifecare Ltd.,Consumer Services
JUBLPHARMA,INE700A01033,Jubilant Pharmova Ltd.,Healthcare
JUSTDIAL,INE599M01018,Justdial Ltd.,Consumer Services
JYOTHYLAB,INE668F01031,Jyothy Labs Ltd.,Fast Moving Consumer Goods
KANSAINER,INE531A01024,Kansai Nerolac Paints Ltd.,Consumer Durables
KIRLPNU,INE811A01038,Kirloskar Pneumatic Company Ltd.,Capital Goods
KISSHT,INE12F801023,OnEMI Technology Solutions Ltd.,Financial Services
KITEX,INE602G01020,Kitex Garments Ltd.,Textiles
KMEW,INE0CJD01029,Knowledge Marine & Engineering Works Ltd.,Services
KNRCON,INE634I01029,KNR Constructions Ltd.,Construction
KPIGREEN,INE542W01025,KPI Green Energy Ltd.,Power
KRBL,INE001B01026,KRBL Ltd.,Fast Moving Consumer Goods
KRN,INE0Q3J01015,KRN HEAT EXCHANGER AND REFRIGERATION Ltd.,Capital Goods
KSCL,INE455I01029,Kaveri Seed Company Ltd.,Fast Moving Consumer Goods
KTKBANK,INE614B01018,Karnataka Bank Ltd.,Financial Services
KWIL,INE2KCE01013,Kwality Wall's (India) Ltd.,Fast Moving Consumer Goods
LATENTVIEW,INE0I7C01011,Latent View Analytics Ltd.,Information Technology
LLOYDSENGG,INE093R01011,Lloyds Engineering Works Ltd.,Capital Goods
LLOYDSENT,INE080I01025,Lloyds Enterprises Ltd.,Metals & Mining
LOTUSDEV,INE0V9Q01010,SRI LOTUS DEVELOPERS AND REALTY Ltd.,Realty
LUMAXIND,INE162B01018,Lumax Industries Ltd.,Automobile and Auto Components
LUMAXTECH,INE872H01027,Lumax Auto Technologies Ltd.,Automobile and Auto Components
LXCHEM,INE576O01020,Laxmi Organic Industries Ltd.,Chemicals
MANORAMA,INE00VM01036,Manorama Industries Ltd.,Fast Moving Consumer Goods
MANYAVAR,INE825V01034,Vedant Fashions Ltd.,Consumer Services
MAPMYINDIA,INE0BV301023,C.E. Info Systems Ltd.,Information Technology
MARKSANS,INE750C01026,Marksans Pharma Ltd.,Healthcare
MASTEK,INE759A01021,Mastek Ltd.,Information Technology
MBAPL,INE900L01028,Madhya Bharat Agro Products Ltd.,Chemicals
MEDPLUS,INE804L01022,Medplus Health Services Ltd.,Consumer Services
METROPOLIS,INE112L01020,Metropolis Healthcare Ltd.,Healthcare
MIDHANI,INE099Z01011,Mishra Dhatu Nigam Ltd.,Capital Goods
MOIL,INE490G01020,MOIL Ltd.,Metals & Mining
MSTCLTD,INE255X01014,MSTC Ltd.,Services
NAZARA,INE418L01047,Nazara Technologies Ltd.,Media Entertainment & Publication
NEOGEN,INE136S01016,NEOGEN CHEMICALS LTD.,Chemicals
NEPHROPLUS,INE428V01029,Nephrocare Health Services Ltd.,Healthcare
NETWORK18,INE870H01013,Network18 Media & Investments Ltd.,Media Entertainment & Publication
NEWGEN,INE619B01017,Newgen Software Technologies Ltd.,Information Technology
NFL,INE870D01012,National Fertilizers Ltd.,Chemicals
NIVABUPA,INE995S01015,Niva Bupa Health Insurance Company Ltd.,Financial Services
NORTHARC,INE850M01015,Northern Arc Capital Ltd.,Financial Services
OMNI,INE0UH301010,Omnitech Engineering Ltd.,Capital Goods
OSWALPUMPS,INE0BYP01024,Oswal Pumps Ltd.,Capital Goods
PAISALO,INE420C01059,Paisalo Digital Ltd.,Financial Services
PARAS,INE045601023,Paras Defence and Space Technologies Ltd.,Capital Goods
PARKHOSPS,INE119201023,Park Medi World Ltd.,Healthcare
PCJEWELLER,INE785M01021,PC Jeweller Ltd.,Consumer Durables
PDSL,INE111Q01021,PDS Ltd.,Textiles
PGHL,INE199A01012,Procter & Gamble Health Ltd.,Healthcare
PGIL,INE940H01022,Pearl Global Industries Ltd.,Textiles
PICCADIL,INE546C01010,Piccadily Agro Industries Ltd.,Fast Moving Consumer Goods
PNCINFRA,INE195J01029,PNC Infratech Ltd.,Construction
PNGJL,INE953R01016,P N Gadgil Jewellers Ltd.,Consumer Durables
POWERICA,INE921L01032,Powerica Ltd.,Capital Goods
POWERMECH,INE211R01019,Power Mech Projects Ltd.,Construction
PRAJIND,INE074A01025,Praj Industries Ltd.,Capital Goods
PRECWIRE,INE372C01037,Precision Wires India Ltd.,Capital Goods
PRICOLLTD,INE726V01018,Pricol Ltd.,Automobile and Auto Components
PTC,INE877F01012,PTC India Ltd.,Power
PURVA,INE323I01011,Puravankara Ltd.,Realty
QPOWER,INE0SII01026,QUALITY POWER ELECTRICAL EQUIPMENTS Ltd.,Capital Goods
QUESS,INE615P01015,Quess Corp Ltd.,Services
RAIN,INE855B01025,Rain Industries Ltd,Chemicals
RALLIS,INE613A01020,Rallis India Ltd.,Chemicals
RATEGAIN,INE0CLI01024,Rategain Travel Technologies Ltd.,Information Technology
RATNAMANI,INE703B01027,Ratnamani Metals & Tubes Ltd.,Capital Goods
RAYMONDLSL,INE02ID01020,Raymond Lifestyle Ltd.,Textiles
RBA,INE07T201019,Restaurant Brands Asia Ltd.,Consumer Services
RCF,INE027A01015,Rashtriya Chemicals & Fertilizers Ltd.,Chemicals
REFEX,INE056I01025,Refex Industries Ltd.,Utilities
RELAXO,INE131B01039,Relaxo Footwears Ltd.,Consumer Durables
RELIGARE,INE621H01010,Religare Enterprises Ltd.,Financial Services
RENUKA,INE087H01022,Shree Renuka Sugars Ltd.,Fast Moving Consumer Goods
RESPONIND,INE688D01026,Responsive Industries Ltd.,Consumer Durables
ROUTE,INE450U01017,Route Mobile Ltd.,Telecommunication
RTNPOWER,INE399K01017,RattanIndia Power Ltd.,Power
SAFARI,INE429E01023,Safari Industries (India) Ltd.,Consumer Durables
SAMHI,INE08U801020,Samhi Hotels Ltd.,Consumer Services
SANDUMA,INE149K01016,Sandur Manganese & Iron Ores Ltd.,Metals & Mining
SAPPHIRE,INE806T01020,Sapphire Foods India Ltd.,Consumer Services
SAREGAMA,INE979A01025,Saregama India Ltd,Media Entertainment & Publication
SBFC,INE423Y01016,SBFC Finance Ltd.,Financial Services
SEDEMAC,INE00XB01019,SEDEMAC Mechatronics Ltd.,Automobile and Auto Components
SENCO,INE602W01027,Senco Gold Ltd.,Consumer Durables
SENORES,INE0RB801010,Senores Pharmaceuticals Ltd.,Healthcare
SFL,INE916U01025,Sheela Foam Ltd.,Consumer Durables
SGMART,INE385F01024,SG Mart Ltd.,Metals & Mining
SHADOWFAX,INE12UN01015,Shadowfax Technologies Ltd.,Services
SHAILY,INE151G01028,Shaily Engineering Plastics Ltd.,Consumer Durables
SHAKTIPUMP,INE908D01010,Shakti Pumps (India) Ltd.,Capital Goods
SHARDACROP,INE221J01015,Sharda Cropchem Ltd.,Chemicals
SHAREINDIA,INE932X01026,Share India Securities Ltd.,Financial Services
SHILCTECH,INE024F01011,Shilchar Technologies Ltd.,Capital Goods
SHILPAMED,INE790G01031,Shilpa Medicare Ltd.,Healthcare
SHREEJISPG,INE1B6101010,Shreeji Shipping Global Ltd.,Services
SIGMAADV,INE933B01012,SIGMA ADVANCED SYSTEMS LTD.,Capital Goods
SJS,INE284S01014,S.J.S. Enterprises Ltd.,Automobile and Auto Components
SKIPPER,INE439E01022,Skipper Ltd.,Capital Goods
SKYGOLD,INE01IU01018,SKY GOLD AND DIAMONDS Ltd.,Consumer Durables
SMLMAH,INE294B01019,SML Mahindra Ltd.,Capital Goods
SONATSOFTW,INE269A01021,Sonata Software Ltd.,Information Technology
SOUTHBANK,INE683A01023,South Indian Bank Ltd.,Financial Services
SPARC,INE232I01014,Sun Pharma Advanced Research Company Ltd.,Healthcare
SPLPETRO,INE663A01033,Supreme Petrochem Ltd.,Chemicals
STAR,INE939A01011,Strides Pharma Science Ltd.,Healthcare
STYLAMIND,INE239C01020,Stylam Industries Ltd.,Consumer Durables
SUBROS,INE287B01021,Subros Ltd.,Capital Goods
SUDARSCHEM,INE659A01023,Sudarshan Chemical Industries Ltd.,Chemicals
SUDEEPPHRM,INE0QPI01025,Sudeep Pharma Ltd.,Chemicals
SUNDRMFAST,INE387A01021,Sundram Fasteners Ltd.,Automobile and Auto Components
SUNFLAG,INE947A01014,Sunflag Iron & Steel Company Ltd.,Capital Goods
SUNTECK,INE805D01034,Sunteck Realty Ltd.,Realty
SUPRIYA,INE07RO01027,Supriya Lifescience Ltd.,Healthcare
SURYAROSNI,INE335A01020,Surya Roshni Ltd.,Capital Goods
SUVEN,INE495B01038,Suven Life Sciences Ltd.,Healthcare
SWSOLAR,INE00M201021,Sterling and Wilson Renewable Energy Ltd.,Construction
TANLA,INE483C01032,Tanla Platforms Ltd.,Information Technology
TARC,INE0EK901012,TARC Ltd.,Realty
TEXRAIL,INE621L01012,Texmaco Rail & Eng. Ltd.,Capital Goods
THELEELA,INE0AQ201015,Leela Palaces Hotels & Resorts Ltd.,Consumer Services
THOMASCOOK,INE332A01027,Thomas Cook (India) Ltd.,Consumer Services
THYROCARE,INE594H01019,Thyrocare Technologies Ltd.,Healthcare
TI,INE133E01013,Tilaknagar Industries Ltd.,Fast Moving Consumer Goods
TIMETECHNO,INE508G01029,Time Technoplast Ltd.,Capital Goods
TIMEX,INE064A01026,Timex Group India Ltd.,Consumer Durables
TIPSMUSIC,INE716B01029,Tips Music Ltd.,Media Entertainment & Publication
TMB,INE668A01016,Tamilnad Mercantile Bank Ltd.,Financial Services
TRANSRAILL,INE454P01035,Transrail Lighting Ltd.,Capital Goods
TTKPRESTIG,INE690A01028,TTK Prestige Ltd.,Consumer Durables
TVSSCS,INE395N01027,TVS Supply Chain Solutions Ltd.,Services
UJJIVANSFB,INE551W01018,Ujjivan Small Finance Bank Ltd.,Financial Services
UNIMECH,INE0U3I01011,Unimech Aerospace and Manufacturing Ltd.,Capital Goods
UTLSOLAR,INE12UR01024,Fujiyama Power Systems Ltd.,Capital Goods
V2RETAIL,INE945H01021,V2 Retail Ltd.,Consumer Services
VAIBHAVGBL,INE884A01027,Vaibhav Global Ltd.,Consumer Durables
VESUVIUS,INE386A01023,Vesuvius India Ltd.,Capital Goods
VGUARD,INE951I01027,V-Guard Industries Ltd.,Consumer Durables
VIKRAMSOLR,INE078V01014,Vikram Solar Ltd.,Capital Goods
VIPIND,INE054A01027,V.I.P. Industries Ltd.,Consumer Durables
VIYASH,INE807F01027,Viyash Scientific Ltd.,Healthcare
VMART,INE665J01013,V-Mart Retail Ltd.,Consumer Services
VOLTAMP,INE540H01012,Voltamp Transformers Ltd,Capital Goods
WAAREERTL,INE299N01021,Waaree Renewable Technologies Ltd.,Capital Goods
WABAG,INE956G01038,Va Tech Wabag Ltd.,Utilities
WAKEFIT,INE0E7301029,Wakefit Innovations Ltd.,Consumer Durables
WEBELSOLAR,INE855C01023,Websol Energy System Ltd.,Capital Goods
WELENT,INE625G01013,Welspun Enterprises Ltd.,Construction
WESTLIFE,INE274F01020,Westlife Foodworld Ltd.,Consumer Services
WEWORK,INE085001019,WeWork India Management Ltd.,Services
YATHARTH,INE0JO301016,Yatharth Hospital & Trauma Care Services Ltd.,Healthcare
ZAGGLE,INE07K301024,Zaggle Prepaid Ocean Services Ltd.,Information Technology
